file_name	image_name	position	word	position_index	cat	previous_letter	next_letter	frequency	vowel_before	vowel_after	syllable_position	morpheme_position	occurrence	bigram_before	bigram_after	trigram	end_position_previous	start_position_next	bigram_before_freq	bigram_after_freq	bigram_before_logfreq	bigram_after_logfreq	bigram_before_prob	bigram_after_prob	bigram_before_cond_prob	bigram_after_cond_prob	bigram_before_surprisal	bigram_after_surprisal	trigram_freq	trigram_logfreq	trigram_prob	trigram_cond_prob	trigram_surprisal
s_2-aus-2-fin-stem-1.csv	s_2.png	fin	aus	2	stem	u	-	0.0144329896907216	True	False	fin	fin	1	us	s#	us#	line_right	middle	355289	1220084	12.78068963638365	14.014431086413596	0.003430241873331139	0.011779658885530791	0.11054222124872086	0.24580201084436043	5.675124503284333	4.441381058263632	106524	11.576134978368113	0.0012045640725094108	0.29982352394810985	6.721637543044818
s_2-aus-2-fin-stem-2_aux.csv	s_2.png	fin	aus	2	stem	u	-	0.0144329896907216	True	False	fin	fin	1	us	s#	us#	line_right	middle	355289	1220084	12.78068963638365	14.014431086413596	0.003430241873331139	0.011779658885530791	0.11054222124872086	0.24580201084436043	5.675124503284333	4.441381058263632	106524	11.576134978368113	0.0012045640725094108	0.29982352394810985	6.721637543044818
s_3-Nicolas-6-fin-stem-1.csv	s_3.png	fin	Nicolas	6	stem	a	-	0.0	True	False	fin	fin	1	as	s#	as#	line_right	middle	442135	1220084	12.999372806039958	14.014431086413596	0.004268722056312645	0.011779658885530791	0.09103041525813346	0.24580201084436043	5.456440780771983	4.441381058263632	237316	12.377152079133063	0.0026835485658785185	0.5367500876429145	5.920615268550091
s_4-Francois-7-fin-stem-1.csv	s_4.png	fin	Francois	7	stem	i	-	0.0	True	False	fin	fin	1	is	s#	is#	top	middle	589101	1220084	13.286354622513352	14.014431086413596	0.005687648415293598	0.011779658885530791	0.08546248093200515	0.24580201084436043	5.16945840004886	4.441381058263632	67736	11.123387838411437	0.000765952761964416	0.11498198101853502	7.174390058579025
s_5-Tauris-5-fin-stem-1.csv	s_5.png	fin	Tauris	5	stem	i	-	0.0103092783505154	True	False	fin	fin	1	is	s#	is#	top	middle	589101	1220084	13.286354622513352	14.014431086413596	0.005687648415293598	0.011779658885530791	0.08546248093200515	0.24580201084436043	5.16945840004886	4.441381058263632	67736	11.123387838411437	0.000765952761964416	0.11498198101853502	7.174390058579025
s_6-Christoph-4-mid-stem-1.csv	s_6.png	mid	Christoph	4	stem	i	t	0.0	True	False	fin	mid	1	is	st	ist	top	top	589101	897911	13.286354622513352	13.707827346936803	0.005687648415293598	0.008669145148666681	0.08546248093200515	0.180896011552705	5.16945840004886	4.747985091820567	218974	12.296712847031289	0.0024761388345694467	0.37170875622346594	6.001054853611638
s_8-dieses-5-fin-flex-1.csv	s_8.png	fin	dieses	5	flex	e	-	0.0	True	False	fin	fin	1	es	s#	es#	line_right	middle	789215	1220084	13.57879532661997	14.014431086413596	0.00761970773106129	0.011779658885530791	0.05653990658627244	0.24580201084436043	4.877017265522941	4.441381058263632	316197	12.664123878626816	0.003575528012797662	0.4006474788238946	5.633642417854672
s_8-dieses-5-fin-flex-2_aux.csv	s_8.png	fin	dieses	5	flex	e	-	0.0	True	False	fin	fin	1	es	s#	es#	line_right	middle	789215	1220084	13.57879532661997	14.014431086413596	0.00761970773106129	0.011779658885530791	0.05653990658627244	0.24580201084436043	4.877017265522941	4.441381058263632	316197	12.664123878626816	0.003575528012797662	0.4006474788238946	5.633642417854672
s_9-schien-0-ini-stem-1.csv	s_9.png	ini	schien	0	stem	-	c	0.0	False	False	ini	ini	1	#s	sc	#sc	line_right	middle	805056	553042	13.598668361347388	13.223191035166852	0.00777264931246527	0.005339506222007435	0.053167636198579	0.11141760377268022	4.857144205863322	5.232622098074313	89134	11.397907353385962	0.0010079194739124875	0.11071776373320613	6.899866999515676
s_10-des-2-fin-flex-1.csv	s_10.png	fin	des	2	flex	e	-	0.0123711340206185	True	False	fin	fin	1	es	s#	es#	line_right	middle	789215	1220084	13.57879532661997	14.014431086413596	0.00761970773106129	0.011779658885530791	0.05653990658627244	0.24580201084436043	4.877017265522941	4.441381058263632	316197	12.664123878626816	0.003575528012797662	0.4006474788238946	5.633642417854672
s_11-Badischen-4-mid-der-1.csv	s_11.png	mid	Badischen	4	der	i	c	0.0	True	False	ini	mid	1	is	sc	isc	top	middle	589101	553042	13.286354622513352	13.223191035166852	0.005687648415293598	0.005339506222007435	0.08546248093200515	0.11141760377268022	5.16945840004886	5.232622098074313	143030	11.870816668964741	0.0016173707267002836	0.24279368054034878	6.426953456452193
s_11-Badischen-4-mid-der-2_aux.csv	s_11.png	mid	Badischen	4	der	i	c	0.0	True	False	ini	mid	1	is	sc	isc	top	middle	589101	553042	13.286354622513352	13.223191035166852	0.005687648415293598	0.005339506222007435	0.08546248093200515	0.11141760377268022	5.16945840004886	5.232622098074313	143030	11.870816668964741	0.0016173707267002836	0.24279368054034878	6.426953456452193
s_12-Staatstheaters-5-mid-infix-1.csv	s_12.png	mid	Staatstheaters	5	infix	t	t	0.0	False	False	fin	na	1	ts	st	tst	top	top	227116	897911	12.33322058218325	13.707827346936803	0.002192758045713419	0.008669145148666681	0.04172617724384119	0.180896011552705	6.122595145905257	4.747985091820567	19347	9.870344333942874	0.0002187741833843976	0.08518554395110868	8.427470486222651
s_13-Staatstheaters-13-fin-flex-1.csv	s_13.png	fin	Staatstheaters	13	flex	r	-	0.0	False	False	fin	na	1	rs	s#	rs#	top	middle	275644	1220084	12.526869084909004	14.014431086413596	0.0026612858572387225	0.011779658885530791	0.04275720066942497	0.24580201084436043	5.928945868014112	4.441381058263632	36092	10.493854219701634	0.00040812517841058965	0.13093700570300823	7.803936620786747
s_14-Karlsruhe-4-mid-stem-1.csv	s_14.png	mid	Karlsruhe	4	stem	l	r	0.0	False	False	fin	mid	1	ls	sr	lsr	line_right	middle	158564	25770	11.973919882870874	10.15700510770532	0.0015309026522151788	0.00024880402454267777	0.0508410721116372	0.005191706324694995	6.481897748772857	8.298845021415456	633	6.452048954437226	7.157908620578058e-06	0.003992078908201105	11.847292711756962
s_15-Inszenierung-2-mid-stem-1.csv	s_15.png	mid	Inszenierung	2	stem	n	z	0.0	False	False	fin	ini	1	ns	sz	nsz	line_right	middle	329428	16653	12.705116131709016	9.720405706795765	0.0031805592625939174	0.00016078127360144405	0.0385837703797871	0.0033549664503354968	5.75069822891292	8.735465665703595	1573	7.3613754289773485	1.778734638257391e-05	0.004774943234940564	10.937023230842861
s_16-Glucks-5-fin-flex-1.csv	s_16.png	fin	Glucks	5	flex	k	-	0.0041237113402061	False	False	fin	na	1	ks	s#	ks#	line_right	middle	28578	1220084	10.260427461368563	14.014431086413596	0.0002759146842600173	0.011779658885530791	0.027242854923075016	0.24580201084436043	8.195418855032951	4.441381058263632	7645	8.941937914256359	8.644899116006201e-05	0.2675134719014627	9.355956015537975
s_17-sich-0-ini-stem-1.csv	s_17.png	ini	sich	0	stem	-	i	0.0412371134020618	False	True	ini	ini	1	#s	si	#si	line_right	middle	805056	404512	13.598668361347388	12.910439153406776	0.00777264931246527	0.0039054797662323505	0.053167636198579	0.08149427663232525	4.857144205863322	5.545374643766582	241104	12.392987802237098	0.0027263829384768594	0.2994872406391605	5.904779479243203
s_17-sich-0-ini-stem-2_aux.csv	s_17.png	ini	sich	0	stem	-	i	0.0412371134020618	False	True	ini	ini	1	#s	si	#si	line_right	middle	805056	404512	13.598668361347388	12.910439153406776	0.00777264931246527	0.0039054797662323505	0.053167636198579	0.08149427663232525	4.857144205863322	5.545374643766582	241104	12.392987802237098	0.0027263829384768594	0.2994872406391605	5.904779479243203
s_18-Unterschiede-5-mid-stem-1.csv	s_18.png	mid	Unterschiede	5	stem	r	c	0.0041237113402061	False	False	ini	ini	1	rs	sc	rsc	top	middle	275644	553042	12.526869084909004	13.223191035166852	0.0026612858572387225	0.005339506222007435	0.04275720066942497	0.11141760377268022	5.928945868014112	5.232622098074313	50628	10.832279813633209	0.0005724969946960915	0.18367169247289983	7.465503071988799
s_18-Unterschiede-5-mid-stem-2_aux.csv	s_18.png	mid	Unterschiede	5	stem	r	c	0.0041237113402061	False	False	ini	ini	1	rs	sc	rsc	top	middle	275644	553042	12.526869084909004	13.223191035166852	0.0026612858572387225	0.005339506222007435	0.04275720066942497	0.11141760377268022	5.928945868014112	5.232622098074313	50628	10.832279813633209	0.0005724969946960915	0.18367169247289983	7.465503071988799
s_19-Handlungsebene-8-mid-infix-1.csv	s_19.png	mid	Handlungsebene	8	infix	g	e	0.0	False	True	fin	na	1	gs	se	gse	line_right	line	112622	594667	11.631801236706348	13.295758545603935	0.001087342136284263	0.005741386995060945	0.04731406495044547	0.11980350892461772	6.824018967575922	5.160054461069925	2806	7.939871576361883	3.173000251080889e-05	0.024915203068672197	10.358247873238732
s_20-Tauris-5-fin-stem-1.csv	s_20.png	fin	Tauris	5	stem	i	-	0.0103092783505154	True	False	fin	fin	2	is	s#	is#	top	middle	589101	1220084	13.286354622513352	14.014431086413596	0.005687648415293598	0.011779658885530791	0.08546248093200515	0.24580201084436043	5.16945840004886	4.441381058263632	67736	11.123387838411437	0.000765952761964416	0.11498198101853502	7.174390058579025
s_21-ebenfals-7-fin-stem-1.csv	s_21.png	fin	ebenfals	7	stem	l	-	0.0041237113402061	False	False	fin	fin	1	ls	s#	ls#	line_right	middle	158564	1220084	11.973919882870874	14.014431086413596	0.0015309026522151788	0.011779658885530791	0.0508410721116372	0.24580201084436043	6.481897748772857	4.441381058263632	109912	11.607444422750037	0.0012428752801026469	0.6931712116243284	6.690327809297354
s_22-Tauris-5-fin-stem-1.csv	s_22.png	fin	Tauris	5	stem	i	-	0.0103092783505154	True	False	fin	fin	3	is	s#	is#	top	middle	589101	1220084	13.286354622513352	14.014431086413596	0.005687648415293598	0.011779658885530791	0.08546248093200515	0.24580201084436043	5.16945840004886	4.441381058263632	67736	11.123387838411437	0.000765952761964416	0.11498198101853502	7.174390058579025
s_23-es-1-fin-stem-1.csv	s_23.png	fin	es	1	stem	e	-	0.0144329896907216	True	False	fin	fin	1	es	s#	es#	line_right	middle	789215	1220084	13.57879532661997	14.014431086413596	0.00761970773106129	0.011779658885530791	0.05653990658627244	0.24580201084436043	4.877017265522941	4.441381058263632	316197	12.664123878626816	0.003575528012797662	0.4006474788238946	5.633642417854672
s_23-es-1-fin-stem-2_aux.csv	s_23.png	fin	es	1	stem	e	-	0.0144329896907216	True	False	fin	fin	1	es	s#	es#	line_right	middle	789215	1220084	13.57879532661997	14.014431086413596	0.00761970773106129	0.011779658885530791	0.05653990658627244	0.24580201084436043	4.877017265522941	4.441381058263632	316197	12.664123878626816	0.003575528012797662	0.4006474788238946	5.633642417854672
s_24-ist-1-mid-stem-1.csv	s_24.png	mid	ist	1	stem	i	t	0.045360824742268	True	False	mid	mid	1	is	st	ist	top	top	589101	897911	13.286354622513352	13.707827346936803	0.005687648415293598	0.008669145148666681	0.08546248093200515	0.180896011552705	5.16945840004886	4.747985091820567	218974	12.296712847031289	0.0024761388345694467	0.37170875622346594	6.001054853611638
s_25-Anwesenheit-4-mid-stem-1.csv	s_25.png	mid	Anwesenheit	4	stem	e	e	0.0	True	True	ini	mid	1	es	se	ese	line_right	line	789215	594667	13.57879532661997	13.295758545603935	0.00761970773106129	0.005741386995060945	0.05653990658627244	0.11980350892461772	4.877017265522941	5.160054461069925	107367	11.584017465077642	0.0012140966427576687	0.13604277668315984	6.713754982628885
s_26-Iphegenies-9-fin-flex-1.csv	s_26.png	fin	Iphegenies	9	flex	e	-	0.0	True	False	fin	na	1	es	s#	es#	line_right	middle	789215	1220084	13.57879532661997	14.014431086413596	0.00761970773106129	0.011779658885530791	0.05653990658627244	0.24580201084436043	4.877017265522941	4.441381058263632	316197	12.664123878626816	0.003575528012797662	0.4006474788238946	5.633642417854672
s_27-Einstellung-3-mid-stem-1.csv	s_27.png	mid	Einstellung	3	stem	n	t	0.0061855670103092	False	False	ini	ini	1	ns	st	nst	line_right	top	329428	897911	12.705116131709016	13.707827346936803	0.0031805592625939174	0.008669145148666681	0.0385837703797871	0.180896011552705	5.75069822891292	4.747985091820567	76712	11.247826464518706	0.0008674525846789637	0.23286423740544215	7.049949705067621
s_28-Thoas-4-fin-stem-1.csv	s_28.png	fin	Thoas	4	stem	a	-	0.0371134020618556	True	False	fin	fin	1	as	s#	as#	line_right	middle	442135	1220084	12.999372806039958	14.014431086413596	0.004268722056312645	0.011779658885530791	0.09103041525813346	0.24580201084436043	5.456440780771983	4.441381058263632	237316	12.377152079133063	0.0026835485658785185	0.5367500876429145	5.920615268550091
s_29-sie-0-ini-stem-1.csv	s_29.png	ini	sie	0	stem	-	i	0.0247422680412371	False	True	ini	ini	1	#s	si	#si	line_right	middle	805056	404512	13.598668361347388	12.910439153406776	0.00777264931246527	0.0039054797662323505	0.053167636198579	0.08149427663232525	4.857144205863322	5.545374643766582	241104	12.392987802237098	0.0027263829384768594	0.2994872406391605	5.904779479243203
s_30-Thoas-4-fin-stem-1.csv	s_30.png	fin	Thoas	4	stem	a	-	0.0371134020618556	True	False	fin	fin	2	as	s#	as#	line_right	middle	442135	1220084	12.999372806039958	14.014431086413596	0.004268722056312645	0.011779658885530791	0.09103041525813346	0.24580201084436043	5.456440780771983	4.441381058263632	237316	12.377152079133063	0.0026835485658785185	0.5367500876429145	5.920615268550091
s_31-diese-3-mid-stem-1.csv	s_31.png	mid	diese	3	stem	e	e	0.0144329896907216	True	True	ini	fin	1	es	se	ese	line_right	line	789215	594667	13.57879532661997	13.295758545603935	0.00761970773106129	0.005741386995060945	0.05653990658627244	0.11980350892461772	4.877017265522941	5.160054461069925	107367	11.584017465077642	0.0012140966427576687	0.13604277668315984	6.713754982628885
s_32-Orest-3-mid-stem-1.csv	s_32.png	mid	Orest	3	stem	e	t	0.0123711340206185	True	False	mid	mid	1	es	st	est	line_right	top	789215	897911	13.57879532661997	13.707827346936803	0.00761970773106129	0.008669145148666681	0.05653990658627244	0.180896011552705	4.877017265522941	4.747985091820567	118090	11.67921079267701	0.0013353513886320107	0.14962969533016984	6.618560809305811
s_32-Orest-3-mid-stem-2_aux.csv	s_32.png	mid	Orest	3	stem	e	t	0.0123711340206185	True	False	mid	mid	1	es	st	est	line_right	top	789215	897911	13.57879532661997	13.707827346936803	0.00761970773106129	0.008669145148666681	0.05653990658627244	0.180896011552705	4.877017265522941	4.747985091820567	118090	11.67921079267701	0.0013353513886320107	0.14962969533016984	6.618560809305811
s_33-stark-0-ini-stem-1.csv	s_33.png	ini	stark	0	stem	-	t	0.0041237113402061	False	False	ini	ini	1	#s	st	#st	line_right	top	805056	897911	13.598668361347388	13.707827346936803	0.00777264931246527	0.008669145148666681	0.053167636198579	0.180896011552705	4.857144205863322	4.747985091820567	90506	11.413182474763108	0.0010234339298799964	0.11242199300421338	6.884591708068217
s_33-stark-0-ini-stem-2_aux.csv	s_33.png	ini	stark	0	stem	-	t	0.0041237113402061	False	False	ini	ini	1	#s	st	#st	line_right	top	805056	897911	13.598668361347388	13.707827346936803	0.00777264931246527	0.008669145148666681	0.053167636198579	0.180896011552705	4.857144205863322	4.747985091820567	90506	11.413182474763108	0.0010234339298799964	0.11242199300421338	6.884591708068217
s_34-ist-1-mid-stem-1.csv	s_34.png	mid	ist	1	stem	i	t	0.045360824742268	True	False	mid	mid	2	is	st	ist	top	top	589101	897911	13.286354622513352	13.707827346936803	0.005687648415293598	0.008669145148666681	0.08546248093200515	0.180896011552705	5.16945840004886	4.747985091820567	218974	12.296712847031289	0.0024761388345694467	0.37170875622346594	6.001054853611638
s_35-sein-0-ini-stem-1.csv	s_35.png	ini	sein	0	stem	-	e	0.0082474226804123	False	True	ini	ini	1	#s	se	#se	line_right	line	805056	594667	13.598668361347388	13.295758545603935	0.00777264931246527	0.005741386995060945	0.053167636198579	0.11980350892461772	4.857144205863322	5.160054461069925	175181	12.073580712480313	0.0019809314218980803	0.217601011606646	6.224188129786149
s_36-das-2-fin-flex-1.csv	s_36.png	fin	das	2	flex	a	-	0.0288659793814433	True	False	fin	fin	1	as	s#	as#	line_right	middle	442135	1220084	12.999372806039958	14.014431086413596	0.004268722056312645	0.011779658885530791	0.09103041525813346	0.24580201084436043	5.456440780771983	4.441381058263632	237316	12.377152079133063	0.0026835485658785185	0.5367500876429145	5.920615268550091
s_37-Urfassung-4-mid-stem-1.csv	s_37.png	mid	Urfassung	4	stem	a	s	0.0	True	False	fin	mid	1	as	ss	ass	line_right	middle	442135	370866	12.999372806039958	12.82359878675043	0.004268722056312645	0.003580634589291608	0.09103041525813346	0.07471584624813092	5.456440780771983	5.63221523469949	130273	11.777395203678102	0.0014731156867749846	0.2946453006434686	6.520375606381273
s_38-Urfassung-5-mid-stem-1.csv	s_38.png	mid	Urfassung	5	stem	s	u	0.0	False	True	ini	fin	1	ss	su	ssu	line_left	middle	370866	55446	12.82359878675043	10.923182888519593	0.003580634589291608	0.0005353196718972958	0.07471584624813092	0.011170327857160989	5.63221523469949	7.532646471945771	6337	8.754318540250866	7.165824159336991e-05	0.017087034130925993	9.543602384577621
s_39-geschrieben-2-mid-stem-1.csv	s_39.png	mid	geschrieben	2	stem	e	c	0.0	True	False	ini	ini	1	es	sc	esc	line_right	middle	789215	553042	13.57879532661997	13.223191035166852	0.00761970773106129	0.005339506222007435	0.05653990658627244	0.11141760377268022	4.877017265522941	5.232622098074313	59697	10.997053797982007	0.000675048453274326	0.07564098502942798	7.300726087039362
s_39-geschrieben-2-mid-stem-2_aux.csv	s_39.png	mid	geschrieben	2	stem	e	c	0.0	True	False	ini	ini	1	es	sc	esc	line_right	middle	789215	553042	13.57879532661997	13.223191035166852	0.00761970773106129	0.005339506222007435	0.05653990658627244	0.11141760377268022	4.877017265522941	5.232622098074313	59697	10.997053797982007	0.000675048453274326	0.07564098502942798	7.300726087039362
s_40-Pyladis-6-fin-stem-1.csv	s_40.png	fin	Pyladis	6	stem	i	-	0.0061855670103092	True	False	fin	fin	1	is	s#	is#	top	middle	589101	1220084	13.286354622513352	14.014431086413596	0.005687648415293598	0.011779658885530791	0.08546248093200515	0.24580201084436043	5.16945840004886	4.441381058263632	67736	11.123387838411437	0.000765952761964416	0.11498198101853502	7.174390058579025
s_40-Pyladis-6-fin-stem-2_aux.csv	s_40.png	fin	Pyladis	6	stem	i	-	0.0061855670103092	True	False	fin	fin	1	is	s#	is#	top	middle	589101	1220084	13.286354622513352	14.014431086413596	0.005687648415293598	0.011779658885530791	0.08546248093200515	0.24580201084436043	5.16945840004886	4.441381058263632	67736	11.123387838411437	0.000765952761964416	0.11498198101853502	7.174390058579025
s_41-Tauris-5-fin-stem-1.csv	s_41.png	fin	Tauris	5	stem	i	-	0.0103092783505154	True	False	fin	fin	4	is	s#	is#	top	middle	589101	1220084	13.286354622513352	14.014431086413596	0.005687648415293598	0.011779658885530791	0.08546248093200515	0.24580201084436043	5.16945840004886	4.441381058263632	67736	11.123387838411437	0.000765952761964416	0.11498198101853502	7.174390058579025
s_41-Tauris-5-fin-stem-2_aux.csv	s_41.png	fin	Tauris	5	stem	i	-	0.0103092783505154	True	False	fin	fin	4	is	s#	is#	top	middle	589101	1220084	13.286354622513352	14.014431086413596	0.005687648415293598	0.011779658885530791	0.08546248093200515	0.24580201084436043	5.16945840004886	4.441381058263632	67736	11.123387838411437	0.000765952761964416	0.11498198101853502	7.174390058579025
s_42-als-2-fin-stem-1.csv	s_42.png	fin	als	2	stem	l	-	0.0144329896907216	False	False	fin	fin	1	ls	s#	ls#	line_right	middle	158564	1220084	11.973919882870874	14.014431086413596	0.0015309026522151788	0.011779658885530791	0.0508410721116372	0.24580201084436043	6.481897748772857	4.441381058263632	109912	11.607444422750037	0.0012428752801026469	0.6931712116243284	6.690327809297354
s_43-nächste-4-mid-stem-1.csv	s_43.png	mid	nächste	4	stem	h	t	0.0	False	False	ini	ini	1	hs	st	hst	line_right	top	61655	897911	11.029325827457829	13.707827346936803	0.0005952662837865269	0.008669145148666681	0.017645232238501837	0.180896011552705	7.426501716757236	4.747985091820567	24464	10.104998803723223	0.0002766367717121984	0.3967885816235504	8.192805205732295
s_44-angesehen-4-mid-stem-1.csv	s_44.png	mid	angesehen	4	stem	e	e	0.0	True	True	ini	ini	1	es	se	ese	line_right	line	789215	594667	13.57879532661997	13.295758545603935	0.00761970773106129	0.005741386995060945	0.05653990658627244	0.11980350892461772	4.877017265522941	5.160054461069925	107367	11.584017465077642	0.0012140966427576687	0.13604277668315984	6.713754982628885
s_45-Gesprächen-2-mid-stem-1.csv	s_45.png	mid	Gesprächen	2	stem	e	p	0.0	True	False	ini	ini	1	es	sp	esp	line_right	middle	789215	134179	13.57879532661997	11.80693746111688	0.00761970773106129	0.0012954705164575848	0.05653990658627244	0.027032128946109808	4.877017265522941	6.648881316648269	20260	9.91645313492615	0.0002290983075085489	0.025671078223297835	8.381359356098464
s_46-Schicksal-6-mid-der-1.csv	s_46.png	mid	Schicksal	6	der	k	a	0.0	False	True	ini	ini	1	ks	sa	ksa	line_right	middle	28578	148190	10.260427461368563	11.906257261255119	0.0002759146842600173	0.00143074382603723	0.027242854923075016	0.029854829656831637	8.195418855032951	6.549560811877642	3883	8.264620829411216	4.3908624287053077e-05	0.13587374903772131	10.033399804169472
s_47-ihres-4-fin-flex-1.csv	s_47.png	fin	ihres	4	flex	e	-	0.0	True	False	fin	fin	1	es	s#	es#	line_right	middle	789215	1220084	13.57879532661997	14.014431086413596	0.00761970773106129	0.011779658885530791	0.05653990658627244	0.24580201084436043	4.877017265522941	4.441381058263632	316197	12.664123878626816	0.003575528012797662	0.4006474788238946	5.633642417854672
s_48-Bruders-6-fin-flex-1.csv	s_48.png	fin	Bruders	6	flex	r	-	0.0	False	False	fin	na	1	rs	s#	rs#	top	middle	275644	1220084	12.526869084909004	14.014431086413596	0.0026612858572387225	0.011779658885530791	0.04275720066942497	0.24580201084436043	5.928945868014112	4.441381058263632	36092	10.493854219701634	0.00040812517841058965	0.13093700570300823	7.803936620786747
s_49-Pyladis-6-fin-stem-1.csv	s_49.png	fin	Pyladis	6	stem	i	-	0.0061855670103092	True	False	fin	fin	2	is	s#	is#	top	middle	589101	1220084	13.286354622513352	14.014431086413596	0.005687648415293598	0.011779658885530791	0.08546248093200515	0.24580201084436043	5.16945840004886	4.441381058263632	67736	11.123387838411437	0.000765952761964416	0.11498198101853502	7.174390058579025
s_50-sie-0-ini-stem-1.csv	s_50.png	ini	sie	0	stem	-	i	0.0247422680412371	False	True	ini	ini	2	#s	si	#si	line_right	middle	805056	404512	13.598668361347388	12.910439153406776	0.00777264931246527	0.0039054797662323505	0.053167636198579	0.08149427663232525	4.857144205863322	5.545374643766582	241104	12.392987802237098	0.0027263829384768594	0.2994872406391605	5.904779479243203
s_51-Thoas-4-fin-stem-1.csv	s_51.png	fin	Thoas	4	stem	a	-	0.0371134020618556	True	False	fin	fin	3	as	s#	as#	line_right	middle	442135	1220084	12.999372806039958	14.014431086413596	0.004268722056312645	0.011779658885530791	0.09103041525813346	0.24580201084436043	5.456440780771983	4.441381058263632	237316	12.377152079133063	0.0026835485658785185	0.5367500876429145	5.920615268550091
s_52-ist-1-mid-stem-1.csv	s_52.png	mid	ist	1	stem	i	t	0.045360824742268	True	False	mid	mid	3	is	st	ist	top	top	589101	897911	13.286354622513352	13.707827346936803	0.005687648415293598	0.008669145148666681	0.08546248093200515	0.180896011552705	5.16945840004886	4.747985091820567	218974	12.296712847031289	0.0024761388345694467	0.37170875622346594	6.001054853611638
s_53-so-0-ini-stem-1.csv	s_53.png	ini	so	0	stem	-	o	0.0144329896907216	False	True	ini	ini	1	#s	so	#so	line_right	middle	805056	201358	13.598668361347388	12.212844663567227	0.00777264931246527	0.0019440698786909007	0.053167636198579	0.04056622437438629	4.857144205863322	6.242971627761273	126005	11.744084803847484	0.0014248535161705185	0.1565170621671039	6.553686266215172
s_54-fortzusetzen-6-mid-stem-1.csv	s_54.png	mid	fortzusetzen	6	stem	u	e	0.0	True	True	ini	ini	1	us	se	use	line_right	line	355289	594667	12.78068963638365	13.295758545603935	0.003430241873331139	0.005741386995060945	0.11054222124872086	0.11980350892461772	5.675124503284333	5.160054461069925	24005	10.08605907808529	0.0002714464398688409	0.06756471492221824	8.211745712936098
s_55-schon-0-ini-stem-1.csv	s_55.png	ini	schon	0	stem	-	c	0.0041237113402061	False	False	ini	ini	1	#s	sc	#sc	line_right	middle	805056	553042	13.598668361347388	13.223191035166852	0.00777264931246527	0.005339506222007435	0.053167636198579	0.11141760377268022	4.857144205863322	5.232622098074313	89134	11.397907353385962	0.0010079194739124875	0.11071776373320613	6.899866999515676
s_56-lastet-2-mid-stem-1.csv	s_56.png	mid	lastet	2	stem	a	t	0.0	True	False	fin	mid	1	as	st	ast	line_right	top	442135	897911	12.999372806039958	13.707827346936803	0.004268722056312645	0.008669145148666681	0.09103041525813346	0.180896011552705	5.456440780771983	4.747985091820567	32062	10.375457996333441	0.00036255429098416066	0.07251631289085912	7.92233632665152
s_56-lastet-2-mid-stem-2_aux.csv	s_56.png	mid	lastet	2	stem	a	t	0.0	True	False	fin	mid	1	as	st	ast	line_right	top	442135	897911	12.999372806039958	13.707827346936803	0.004268722056312645	0.008669145148666681	0.09103041525813346	0.180896011552705	5.456440780771983	4.747985091820567	32062	10.375457996333441	0.00036255429098416066	0.07251631289085912	7.92233632665152
s_57-Pyladis-6-fin-stem-1.csv	s_57.png	fin	Pyladis	6	stem	i	-	0.0061855670103092	True	False	fin	fin	3	is	s#	is#	top	middle	589101	1220084	13.286354622513352	14.014431086413596	0.005687648415293598	0.011779658885530791	0.08546248093200515	0.24580201084436043	5.16945840004886	4.441381058263632	67736	11.123387838411437	0.000765952761964416	0.11498198101853502	7.174390058579025
s_58-List-2-mid-stem-1.csv	s_58.png	mid	List	2	stem	i	t	0.0	True	False	mid	mid	1	is	st	ist	top	top	589101	897911	13.286354622513352	13.707827346936803	0.005687648415293598	0.008669145148666681	0.08546248093200515	0.180896011552705	5.16945840004886	4.747985091820567	218974	12.296712847031289	0.0024761388345694467	0.37170875622346594	6.001054853611638
s_59-das-2-fin-flex-1.csv	s_59.png	fin	das	2	flex	a	-	0.0288659793814433	True	False	fin	fin	2	as	s#	as#	line_right	middle	442135	1220084	12.999372806039958	14.014431086413596	0.004268722056312645	0.011779658885530791	0.09103041525813346	0.24580201084436043	5.456440780771983	4.441381058263632	237316	12.377152079133063	0.0026835485658785185	0.5367500876429145	5.920615268550091
s_60-schlechte-0-ini-stem-1.csv	s_60.png	ini	schlechte	0	stem	-	c	0.0	False	False	ini	ini	1	#s	sc	#sc	line_right	middle	805056	553042	13.598668361347388	13.223191035166852	0.00777264931246527	0.005339506222007435	0.053167636198579	0.11141760377268022	4.857144205863322	5.232622098074313	89134	11.397907353385962	0.0010079194739124875	0.11071776373320613	6.899866999515676
s_61-Gewissen-4-mid-stem-1.csv	s_61.png	mid	Gewissen	4	stem	i	s	0.0	True	False	fin	mid	1	is	ss	iss	top	middle	589101	370866	13.286354622513352	12.82359878675043	0.005687648415293598	0.003580634589291608	0.08546248093200515	0.07471584624813092	5.16945840004886	5.63221523469949	36997	10.518619136111335	0.0004183588392346389	0.06280247359960346	7.779171026643106
s_61-Gewissen-4-mid-stem-2_aux.csv	s_61.png	mid	Gewissen	4	stem	i	s	0.0	True	False	fin	mid	1	is	ss	iss	top	middle	589101	370866	13.286354622513352	12.82359878675043	0.005687648415293598	0.003580634589291608	0.08546248093200515	0.07471584624813092	5.16945840004886	5.63221523469949	36997	10.518619136111335	0.0004183588392346389	0.06280247359960346	7.779171026643106
s_62-Gewissen-5-mid-stem-1.csv	s_62.png	mid	Gewissen	5	stem	s	e	0.0	False	True	ini	fin	1	ss	se	sse	line_left	line	370866	594667	12.82359878675043	13.295758545603935	0.003580634589291608	0.005741386995060945	0.07471584624813092	0.11980350892461772	5.63221523469949	5.160054461069925	133233	11.7998622597716	0.001506587107812759	0.35924835385287407	6.49790837974937
s_62-Gewissen-5-mid-stem-2_aux.csv	s_62.png	mid	Gewissen	5	stem	s	e	0.0	False	True	ini	fin	1	ss	se	sse	line_left	line	370866	594667	12.82359878675043	13.295758545603935	0.003580634589291608	0.005741386995060945	0.07471584624813092	0.11980350892461772	5.63221523469949	5.160054461069925	133233	11.7998622597716	0.001506587107812759	0.35924835385287407	6.49790837974937
s_63-sie-0-ini-stem-1.csv	s_63.png	ini	sie	0	stem	-	i	0.0247422680412371	False	True	ini	ini	3	#s	si	#si	line_right	middle	805056	404512	13.598668361347388	12.910439153406776	0.00777264931246527	0.0039054797662323505	0.053167636198579	0.08149427663232525	4.857144205863322	5.545374643766582	241104	12.392987802237098	0.0027263829384768594	0.2994872406391605	5.904779479243203
s_64-Thoas-4-fin-stem-1.csv	s_64.png	fin	Thoas	4	stem	a	-	0.0371134020618556	True	False	fin	fin	4	as	s#	as#	line_right	middle	442135	1220084	12.999372806039958	14.014431086413596	0.004268722056312645	0.011779658885530791	0.09103041525813346	0.24580201084436043	5.456440780771983	4.441381058263632	237316	12.377152079133063	0.0026835485658785185	0.5367500876429145	5.920615268550091
s_65-Umständen-2-mid-stem-1.csv	s_65.png	mid	Umständen	2	stem	m	t	0.0	False	False	ini	ini	1	ms	st	mst	line_right	top	36375	897911	10.501664495504846	13.707827346936803	0.0003511931079836983	0.008669145148666681	0.01738064691842922	0.180896011552705	7.954174320588073	4.747985091820567	12295	9.417029285218431	0.0001390307843444032	0.3380068728522337	8.880815179250845
s_65-Umständen-2-mid-stem-2_aux.csv	s_65.png	mid	Umständen	2	stem	m	t	0.0	False	False	ini	ini	1	ms	st	mst	line_right	top	36375	897911	10.501664495504846	13.707827346936803	0.0003511931079836983	0.008669145148666681	0.01738064691842922	0.180896011552705	7.954174320588073	4.747985091820567	12295	9.417029285218431	0.0001390307843444032	0.3380068728522337	8.880815179250845
s_66-Thoas-4-fin-stem-1.csv	s_66.png	fin	Thoas	4	stem	a	-	0.0371134020618556	True	False	fin	fin	5	as	s#	as#	line_right	middle	442135	1220084	12.999372806039958	14.014431086413596	0.004268722056312645	0.011779658885530791	0.09103041525813346	0.24580201084436043	5.456440780771983	4.441381058263632	237316	12.377152079133063	0.0026835485658785185	0.5367500876429145	5.920615268550091
s_67-diese-3-mid-stem-1.csv	s_67.png	mid	diese	3	stem	e	e	0.0144329896907216	True	True	ini	fin	2	es	se	ese	line_right	line	789215	594667	13.57879532661997	13.295758545603935	0.00761970773106129	0.005741386995060945	0.05653990658627244	0.11980350892461772	4.877017265522941	5.160054461069925	107367	11.584017465077642	0.0012140966427576687	0.13604277668315984	6.713754982628885
s_68-unbeschadet-4-mid-stem-1.csv	s_68.png	mid	unbeschadet	4	stem	e	c	0.0	True	False	ini	ini	1	es	sc	esc	line_right	middle	789215	553042	13.57879532661997	13.223191035166852	0.00761970773106129	0.005339506222007435	0.05653990658627244	0.11141760377268022	4.877017265522941	5.232622098074313	59697	10.997053797982007	0.000675048453274326	0.07564098502942798	7.300726087039362
s_68-unbeschadet-4-mid-stem-2_aux.csv	s_68.png	mid	unbeschadet	4	stem	e	c	0.0	True	False	ini	ini	1	es	sc	esc	line_right	middle	789215	553042	13.57879532661997	13.223191035166852	0.00761970773106129	0.005339506222007435	0.05653990658627244	0.11141760377268022	4.877017265522941	5.232622098074313	59697	10.997053797982007	0.000675048453274326	0.07564098502942798	7.300726087039362
s_69-wesentlichen-2-mid-stem-1.csv	s_69.png	mid	wesentlichen	2	stem	e	e	0.0	True	True	ini	mid	1	es	se	ese	line_right	line	789215	594667	13.57879532661997	13.295758545603935	0.00761970773106129	0.005741386995060945	0.05653990658627244	0.11980350892461772	4.877017265522941	5.160054461069925	107367	11.584017465077642	0.0012140966427576687	0.13604277668315984	6.713754982628885
s_70-Unterschiede-5-mid-stem-1.csv	s_70.png	mid	Unterschiede	5	stem	r	c	0.0041237113402061	False	False	ini	ini	2	rs	sc	rsc	top	middle	275644	553042	12.526869084909004	13.223191035166852	0.0026612858572387225	0.005339506222007435	0.04275720066942497	0.11141760377268022	5.928945868014112	5.232622098074313	50628	10.832279813633209	0.0005724969946960915	0.18367169247289983	7.465503071988799
s_70-Unterschiede-5-mid-stem-2_aux.csv	s_70.png	mid	Unterschiede	5	stem	r	c	0.0041237113402061	False	False	ini	ini	2	rs	sc	rsc	top	middle	275644	553042	12.526869084909004	13.223191035166852	0.0026612858572387225	0.005339506222007435	0.04275720066942497	0.11141760377268022	5.928945868014112	5.232622098074313	50628	10.832279813633209	0.0005724969946960915	0.18367169247289983	7.465503071988799
s_71-zwischen-3-mid-stem-1.csv	s_71.png	mid	zwischen	3	stem	i	c	0.0	True	False	ini	mid	1	is	sc	isc	top	middle	589101	553042	13.286354622513352	13.223191035166852	0.005687648415293598	0.005339506222007435	0.08546248093200515	0.11141760377268022	5.16945840004886	5.232622098074313	143030	11.870816668964741	0.0016173707267002836	0.24279368054034878	6.426953456452193
s_71-zwischen-3-mid-stem-2_aux.csv	s_71.png	mid	zwischen	3	stem	i	c	0.0	True	False	ini	mid	1	is	sc	isc	top	middle	589101	553042	13.286354622513352	13.223191035166852	0.005687648415293598	0.005339506222007435	0.08546248093200515	0.11141760377268022	5.16945840004886	5.232622098074313	143030	11.870816668964741	0.0016173707267002836	0.24279368054034878	6.426953456452193
s_72-Glucks-5-fin-flex-1.csv	s_72.png	fin	Glucks	5	flex	k	-	0.0041237113402061	False	False	fin	na	2	ks	s#	ks#	line_right	middle	28578	1220084	10.260427461368563	14.014431086413596	0.0002759146842600173	0.011779658885530791	0.027242854923075016	0.24580201084436043	8.195418855032951	4.441381058263632	7645	8.941937914256359	8.644899116006201e-05	0.2675134719014627	9.355956015537975
s_72-Glucks-5-fin-flex-2_aux.csv	s_72.png	fin	Glucks	5	flex	k	-	0.0041237113402061	False	False	fin	na	2	ks	s#	ks#	line_right	middle	28578	1220084	10.260427461368563	14.014431086413596	0.0002759146842600173	0.011779658885530791	0.027242854923075016	0.24580201084436043	8.195418855032951	4.441381058263632	7645	8.941937914256359	8.644899116006201e-05	0.2675134719014627	9.355956015537975
s_73-sich-0-ini-stem-1.csv	s_73.png	ini	sich	0	stem	-	i	0.0412371134020618	False	True	ini	ini	2	#s	si	#si	line_right	middle	805056	404512	13.598668361347388	12.910439153406776	0.00777264931246527	0.0039054797662323505	0.053167636198579	0.08149427663232525	4.857144205863322	5.545374643766582	241104	12.392987802237098	0.0027263829384768594	0.2994872406391605	5.904779479243203
s_74-Thoas-4-fin-stem-1.csv	s_74.png	fin	Thoas	4	stem	a	-	0.0371134020618556	True	False	fin	fin	6	as	s#	as#	line_right	middle	442135	1220084	12.999372806039958	14.014431086413596	0.004268722056312645	0.011779658885530791	0.09103041525813346	0.24580201084436043	5.456440780771983	4.441381058263632	237316	12.377152079133063	0.0026835485658785185	0.5367500876429145	5.920615268550091
s_75-als-2-fin-stem-1.csv	s_75.png	fin	als	2	stem	l	-	0.0144329896907216	False	False	fin	fin	2	ls	s#	ls#	line_right	middle	158564	1220084	11.973919882870874	14.014431086413596	0.0015309026522151788	0.011779658885530791	0.0508410721116372	0.24580201084436043	6.481897748772857	4.441381058263632	109912	11.607444422750037	0.0012428752801026469	0.6931712116243284	6.690327809297354
s_75-als-2-fin-stem-2_aux.csv	s_75.png	fin	als	2	stem	l	-	0.0144329896907216	False	False	fin	fin	2	ls	s#	ls#	line_right	middle	158564	1220084	11.973919882870874	14.014431086413596	0.0015309026522151788	0.011779658885530791	0.0508410721116372	0.24580201084436043	6.481897748772857	4.441381058263632	109912	11.607444422750037	0.0012428752801026469	0.6931712116243284	6.690327809297354
s_76-Herrscher-4-mid-stem-1.csv	s_76.png	mid	Herrscher	4	stem	r	c	0.0	False	False	ini	mid	1	rs	sc	rsc	top	middle	275644	553042	12.526869084909004	13.223191035166852	0.0026612858572387225	0.005339506222007435	0.04275720066942497	0.11141760377268022	5.928945868014112	5.232622098074313	50628	10.832279813633209	0.0005724969946960915	0.18367169247289983	7.465503071988799
s_77-dargestellt-5-mid-stem-1.csv	s_77.png	mid	dargestellt	5	stem	e	t	0.0	True	False	ini	ini	1	es	st	est	line_right	top	789215	897911	13.57879532661997	13.707827346936803	0.00761970773106129	0.008669145148666681	0.05653990658627244	0.180896011552705	4.877017265522941	4.747985091820567	118090	11.67921079267701	0.0013353513886320107	0.14962969533016984	6.618560809305811
s_78-Iphigenies-9-fin-flex-1.csv	s_78.png	fin	Iphigenies	9	flex	e	-	0.0103092783505154	True	False	fin	na	1	es	s#	es#	line_right	middle	789215	1220084	13.57879532661997	14.014431086413596	0.00761970773106129	0.011779658885530791	0.05653990658627244	0.24580201084436043	4.877017265522941	4.441381058263632	316197	12.664123878626816	0.003575528012797662	0.4006474788238946	5.633642417854672
s_79-Humanitätsgedanken-9-mid-infix-1.csv	s_79.png	mid	Humanitätsgedanken	9	infix	t	g	0.0061855670103092	False	False	fin	na	1	ts	sg	tsg	top	middle	227116	44867	12.33322058218325	10.711480124765114	0.002192758045713419	0.0004331816130832877	0.04172617724384119	0.009039048803651157	6.122595145905257	7.744353488144304	3607	8.190908881182514	4.078764043353089e-05	0.015881752056217967	10.1071314529976
s_80-spielt-0-ini-stem-1.csv	s_80.png	ini	spielt	0	stem	-	p	0.0	False	False	ini	ini	1	#s	sp	#sp	line_right	middle	805056	134179	13.598668361347388	11.80693746111688	0.00777264931246527	0.0012954705164575848	0.053167636198579	0.027032128946109808	4.857144205863322	6.648881316648269	34746	10.455848516330956	0.00039290472816841263	0.043159730503219654	7.841943397447293
s_81-des-2-fin-flex-1.csv	s_81.png	fin	des	2	flex	e	-	0.0123711340206185	True	False	fin	fin	2	es	s#	es#	line_right	middle	789215	1220084	13.57879532661997	14.014431086413596	0.00761970773106129	0.011779658885530791	0.05653990658627244	0.24580201084436043	4.877017265522941	4.441381058263632	316197	12.664123878626816	0.003575528012797662	0.4006474788238946	5.633642417854672
s_82-grausamen-4-mid-der-1.csv	s_82.png	mid	grausamen	4	der	u	a	0.0	True	True	ini	ini	1	us	sa	usa	line_right	middle	355289	148190	12.78068963638365	11.906257261255119	0.003430241873331139	0.00143074382603723	0.11054222124872086	0.029854829656831637	5.675124503284333	6.549560811877642	15983	9.679343500888335	0.00018073436569146777	0.04498591287655965	8.618482197532485
s_83-uneinsichtigen-5-mid-stem-1.csv	s_83.png	mid	uneinsichtigen	5	stem	n	i	0.0	False	True	ini	ini	1	ns	si	nsi	line_right	middle	329428	404512	12.705116131709016	12.910439153406776	0.0031805592625939174	0.0039054797662323505	0.0385837703797871	0.08149427663232525	5.75069822891292	5.545374643766582	15542	9.651365655482898	0.00017574757627333992	0.047178746190366334	8.64646181813195
s_84-ängstlich-3-mid-stem-1.csv	s_84.png	mid	ängstlich	3	stem	g	t	0.0	False	False	mid	mid	1	gs	st	gst	line_right	top	112622	897911	11.631801236706348	13.707827346936803	0.001087342136284263	0.008669145148666681	0.04731406495044547	0.180896011552705	6.824018967575922	4.747985091820567	16453	9.708323887728875	0.00018604908457246568	0.14609046189909608	8.589500023514487
s_85-Skythenfürsten-10-mid-stem-1_aux.csv	s_85.png	mid	Skythenfürsten	10	stem	r	t	0.0	False	False	ini	mid	1	rs	st	rst	top	top	275644	897911	12.526869084909004	13.707827346936803	0.0026612858572387225	0.008669145148666681	0.04275720066942497	0.180896011552705	5.928945868014112	4.747985091820567	94939	11.461000392105309	0.0010735619060490682	0.34442614386672665	6.836773274819492
s_85-Skythenfürsten-10-mid-stem-2.csv	s_85.png	mid	Skythenfürsten	10	stem	r	t	0.0	False	False	ini	mid	1	rs	st	rst	top	top	275644	897911	12.526869084909004	13.707827346936803	0.0026612858572387225	0.008669145148666681	0.04275720066942497	0.180896011552705	5.928945868014112	4.747985091820567	94939	11.461000392105309	0.0010735619060490682	0.34442614386672665	6.836773274819492
s_86-aus-2-fin-stem-1.csv	s_86.png	fin	aus	2	stem	u	-	0.0144329896907216	True	False	fin	fin	2	us	s#	us#	line_right	middle	355289	1220084	12.78068963638365	14.014431086413596	0.003430241873331139	0.011779658885530791	0.11054222124872086	0.24580201084436043	5.675124503284333	4.441381058263632	106524	11.576134978368113	0.0012045640725094108	0.29982352394810985	6.721637543044818
s_87-Angst-3-mid-stem-1.csv	s_87.png	mid	Angst	3	stem	g	t	0.0041237113402061	False	False	mid	mid	1	gs	st	gst	line_right	top	112622	897911	11.631801236706348	13.707827346936803	0.001087342136284263	0.008669145148666681	0.04731406495044547	0.180896011552705	6.824018967575922	4.747985091820567	16453	9.708323887728875	0.00018604908457246568	0.14609046189909608	8.589500023514487
s_88-Weissagung-3-mid-stem-1.csv	s_88.png	mid	Weissagung	3	stem	i	s	0.0041237113402061	True	False	fin	fin	1	is	ss	iss	top	middle	589101	370866	13.286354622513352	12.82359878675043	0.005687648415293598	0.003580634589291608	0.08546248093200515	0.07471584624813092	5.16945840004886	5.63221523469949	36997	10.518619136111335	0.0004183588392346389	0.06280247359960346	7.779171026643106
s_88-Weissagung-3-mid-stem-2_aux.csv	s_88.png	mid	Weissagung	3	stem	i	s	0.0041237113402061	True	False	fin	fin	1	is	ss	iss	top	middle	589101	370866	13.286354622513352	12.82359878675043	0.005687648415293598	0.003580634589291608	0.08546248093200515	0.07471584624813092	5.16945840004886	5.63221523469949	36997	10.518619136111335	0.0004183588392346389	0.06280247359960346	7.779171026643106
s_89-Weissagung-4-mid-stem-1.csv	s_89.png	mid	Weissagung	4	stem	s	a	0.0041237113402061	False	True	ini	ini	1	ss	sa	ssa	line_left	middle	370866	148190	12.82359878675043	11.906257261255119	0.003580634589291608	0.00143074382603723	0.07471584624813092	0.029854829656831637	5.63221523469949	6.549560811877642	10091	9.219498309760949	0.00011410814516627674	0.027209288530089033	9.07836391743661
s_90-sonst-0-ini-stem-1.csv	s_90.png	ini	sonst	0	stem	-	o	0.0	False	True	ini	ini	1	#s	so	#so	line_right	middle	805056	201358	13.598668361347388	12.212844663567227	0.00777264931246527	0.0019440698786909007	0.053167636198579	0.04056622437438629	4.857144205863322	6.242971627761273	126005	11.744084803847484	0.0014248535161705185	0.1565170621671039	6.553686266215172
s_90-sonst-0-ini-stem-2_aux.csv	s_90.png	ini	sonst	0	stem	-	o	0.0	False	True	ini	ini	1	#s	so	#so	line_right	middle	805056	201358	13.598668361347388	12.212844663567227	0.00777264931246527	0.0019440698786909007	0.053167636198579	0.04056622437438629	4.857144205863322	6.242971627761273	126005	11.744084803847484	0.0014248535161705185	0.1565170621671039	6.553686266215172
s_90-sonst-0-ini-stem-3_aux.csv	s_90.png	ini	sonst	0	stem	-	o	0.0	False	True	ini	ini	1	#s	so	#so	line_right	middle	805056	201358	13.598668361347388	12.212844663567227	0.00777264931246527	0.0019440698786909007	0.053167636198579	0.04056622437438629	4.857144205863322	6.242971627761273	126005	11.744084803847484	0.0014248535161705185	0.1565170621671039	6.553686266215172
s_90-sonst-0-ini-stem-4_aux.csv	s_90.png	ini	sonst	0	stem	-	o	0.0	False	True	ini	ini	1	#s	so	#so	line_right	middle	805056	201358	13.598668361347388	12.212844663567227	0.00777264931246527	0.0019440698786909007	0.053167636198579	0.04056622437438629	4.857144205863322	6.242971627761273	126005	11.744084803847484	0.0014248535161705185	0.1565170621671039	6.553686266215172
s_90-sonst-0-ini-stem-5_aux.csv	s_90.png	ini	sonst	0	stem	-	o	0.0	False	True	ini	ini	1	#s	so	#so	line_right	middle	805056	201358	13.598668361347388	12.212844663567227	0.00777264931246527	0.0019440698786909007	0.053167636198579	0.04056622437438629	4.857144205863322	6.242971627761273	126005	11.744084803847484	0.0014248535161705185	0.1565170621671039	6.553686266215172
s_91-sonst-3-mid-stem-1.csv	s_91.png	mid	sonst	3	stem	n	t	0.0	False	False	mid	mid	1	ns	st	nst	line_right	top	329428	897911	12.705116131709016	13.707827346936803	0.0031805592625939174	0.008669145148666681	0.0385837703797871	0.180896011552705	5.75069822891292	4.747985091820567	76712	11.247826464518706	0.0008674525846789637	0.23286423740544215	7.049949705067621
s_92-selbst-0-ini-stem-1.csv	s_92.png	ini	selbst	0	stem	-	e	0.0103092783505154	False	True	ini	ini	1	#s	se	#se	line_right	line	805056	594667	13.598668361347388	13.295758545603935	0.00777264931246527	0.005741386995060945	0.053167636198579	0.11980350892461772	4.857144205863322	5.160054461069925	175181	12.073580712480313	0.0019809314218980803	0.217601011606646	6.224188129786149
s_93-selbst-4-mid-stem-1.csv	s_93.png	mid	selbst	4	stem	b	t	0.0103092783505154	False	False	mid	mid	1	bs	st	bst	line_left	top	52210	897911	10.863048479640058	13.707827346936803	0.0005040767606275982	0.008669145148666681	0.036176978248773715	0.180896011552705	7.592781998657268	4.747985091820567	25507	10.146747407435162	0.0002884309244630087	0.4885462555066079	8.151054930621621
s_93-selbst-4-mid-stem-2_aux.csv	s_93.png	mid	selbst	4	stem	b	t	0.0103092783505154	False	False	mid	mid	1	bs	st	bst	line_left	top	52210	897911	10.863048479640058	13.707827346936803	0.0005040767606275982	0.008669145148666681	0.036176978248773715	0.180896011552705	7.592781998657268	4.747985091820567	25507	10.146747407435162	0.0002884309244630087	0.4885462555066079	8.151054930621621
s_94-grausame-4-mid-der-1.csv	s_94.png	mid	grausame	4	der	u	a	0.0	True	True	ini	ini	1	us	sa	usa	line_right	middle	355289	148190	12.78068963638365	11.906257261255119	0.003430241873331139	0.00143074382603723	0.11054222124872086	0.029854829656831637	5.675124503284333	6.549560811877642	15983	9.679343500888335	0.00018073436569146777	0.04498591287655965	8.618482197532485
s_95-Weise-3-mid-stem-1.csv	s_95.png	mid	Weise	3	stem	i	e	0.0	True	True	ini	mid	1	is	se	ise	top	line	589101	594667	13.286354622513352	13.295758545603935	0.005687648415293598	0.005741386995060945	0.08546248093200515	0.11980350892461772	5.16945840004886	5.160054461069925	40316	10.604528495215174	0.0004558898008644944	0.06843648202939734	7.69325944242637
s_96-sterben-0-ini-stem-1.csv	s_96.png	ini	sterben	0	stem	-	t	0.0	False	False	ini	ini	1	#s	st	#st	line_right	top	805056	897911	13.598668361347388	13.707827346936803	0.00777264931246527	0.008669145148666681	0.053167636198579	0.180896011552705	4.857144205863322	4.747985091820567	90506	11.413182474763108	0.0010234339298799964	0.11242199300421338	6.884591708068217
s_97-stark-0-ini-stem-1.csv	s_97.png	ini	stark	0	stem	-	t	0.0041237113402061	False	False	ini	ini	2	#s	st	#st	line_right	top	805056	897911	13.598668361347388	13.707827346936803	0.00777264931246527	0.008669145148666681	0.053167636198579	0.180896011552705	4.857144205863322	4.747985091820567	90506	11.413182474763108	0.0010234339298799964	0.11242199300421338	6.884591708068217
s_98-Thoas-4-fin-stem-1.csv	s_98.png	fin	Thoas	4	stem	a	-	0.0371134020618556	True	False	fin	fin	7	as	s#	as#	line_right	middle	442135	1220084	12.999372806039958	14.014431086413596	0.004268722056312645	0.011779658885530791	0.09103041525813346	0.24580201084436043	5.456440780771983	4.441381058263632	237316	12.377152079133063	0.0026835485658785185	0.5367500876429145	5.920615268550091
s_98-Thoas-4-fin-stem-2_aux.csv	s_98.png	fin	Thoas	4	stem	a	-	0.0371134020618556	True	False	fin	fin	7	as	s#	as#	line_right	middle	442135	1220084	12.999372806039958	14.014431086413596	0.004268722056312645	0.011779658885530791	0.09103041525813346	0.24580201084436043	5.456440780771983	4.441381058263632	237316	12.377152079133063	0.0026835485658785185	0.5367500876429145	5.920615268550091
s_99-aus-2-fin-stem-1.csv	s_99.png	fin	aus	2	stem	u	-	0.0144329896907216	True	False	fin	fin	3	us	s#	us#	line_right	middle	355289	1220084	12.78068963638365	14.014431086413596	0.003430241873331139	0.011779658885530791	0.11054222124872086	0.24580201084436043	5.675124503284333	4.441381058263632	106524	11.576134978368113	0.0012045640725094108	0.29982352394810985	6.721637543044818
s_99-aus-2-fin-stem-2_aux.csv	s_99.png	fin	aus	2	stem	u	-	0.0144329896907216	True	False	fin	fin	3	us	s#	us#	line_right	middle	355289	1220084	12.78068963638365	14.014431086413596	0.003430241873331139	0.011779658885530791	0.11054222124872086	0.24580201084436043	5.675124503284333	4.441381058263632	106524	11.576134978368113	0.0012045640725094108	0.29982352394810985	6.721637543044818
s_100-Angst-3-mid-stem-1.csv	s_100.png	mid	Angst	3	stem	g	t	0.0041237113402061	False	False	mid	mid	2	gs	st	gst	line_right	top	112622	897911	11.631801236706348	13.707827346936803	0.001087342136284263	0.008669145148666681	0.04731406495044547	0.180896011552705	6.824018967575922	4.747985091820567	16453	9.708323887728875	0.00018604908457246568	0.14609046189909608	8.589500023514487
s_101-Weissagung-3-mid-stem-1.csv	s_101.png	mid	Weissagung	3	stem	i	s	0.0041237113402061	True	False	fin	fin	2	is	ss	iss	top	middle	589101	370866	13.286354622513352	12.82359878675043	0.005687648415293598	0.003580634589291608	0.08546248093200515	0.07471584624813092	5.16945840004886	5.63221523469949	36997	10.518619136111335	0.0004183588392346389	0.06280247359960346	7.779171026643106
s_102-Weissagung-4-mid-stem-1.csv	s_102.png	mid	Weissagung	4	stem	s	a	0.0041237113402061	False	True	ini	ini	1	ss	sa	ssa	line_left	middle	370866	148190	12.82359878675043	11.906257261255119	0.003580634589291608	0.00143074382603723	0.07471584624813092	0.029854829656831637	5.63221523469949	6.549560811877642	10091	9.219498309760949	0.00011410814516627674	0.027209288530089033	9.07836391743661
s_103-selbst-0-ini-stem-1.csv	s_103.png	ini	selbst	0	stem	-	e	0.0103092783505154	False	True	ini	ini	2	#s	se	#se	line_right	line	805056	594667	13.598668361347388	13.295758545603935	0.00777264931246527	0.005741386995060945	0.053167636198579	0.11980350892461772	4.857144205863322	5.160054461069925	175181	12.073580712480313	0.0019809314218980803	0.217601011606646	6.224188129786149
s_104-selbst-4-mid-stem-1.csv	s_104.png	mid	selbst	4	stem	b	t	0.0103092783505154	False	False	mid	mid	1	bs	st	bst	line_left	top	52210	897911	10.863048479640058	13.707827346936803	0.0005040767606275982	0.008669145148666681	0.036176978248773715	0.180896011552705	7.592781998657268	4.747985091820567	25507	10.146747407435162	0.0002884309244630087	0.4885462555066079	8.151054930621621
s_105-Orest-3-mid-stem-1.csv	s_105.png	mid	Orest	3	stem	e	t	0.0123711340206185	True	False	mid	mid	2	es	st	est	line_right	top	789215	897911	13.57879532661997	13.707827346936803	0.00761970773106129	0.008669145148666681	0.05653990658627244	0.180896011552705	4.877017265522941	4.747985091820567	118090	11.67921079267701	0.0013353513886320107	0.14962969533016984	6.618560809305811
s_106-als-2-fin-stem-1.csv	s_106.png	fin	als	2	stem	l	-	0.0144329896907216	False	False	fin	fin	3	ls	s#	ls#	line_right	middle	158564	1220084	11.973919882870874	14.014431086413596	0.0015309026522151788	0.011779658885530791	0.0508410721116372	0.24580201084436043	6.481897748772857	4.441381058263632	109912	11.607444422750037	0.0012428752801026469	0.6931712116243284	6.690327809297354
s_107-Iphigenies-9-fin-flex-1.csv	s_107.png	fin	Iphigenies	9	flex	e	-	0.0103092783505154	True	False	fin	na	2	es	s#	es#	line_right	middle	789215	1220084	13.57879532661997	14.014431086413596	0.00761970773106129	0.011779658885530791	0.05653990658627244	0.24580201084436043	4.877017265522941	4.441381058263632	316197	12.664123878626816	0.003575528012797662	0.4006474788238946	5.633642417854672
s_108-sogar-0-ini-stem-1.csv	s_108.png	ini	sogar	0	stem	-	o	0.0123711340206185	False	True	ini	ini	1	#s	so	#so	line_right	middle	805056	201358	13.598668361347388	12.212844663567227	0.00777264931246527	0.0019440698786909007	0.053167636198579	0.04056622437438629	4.857144205863322	6.242971627761273	126005	11.744084803847484	0.0014248535161705185	0.1565170621671039	6.553686266215172
s_108-sogar-0-ini-stem-2_aux.csv	s_108.png	ini	sogar	0	stem	-	o	0.0123711340206185	False	True	ini	ini	1	#s	so	#so	line_right	middle	805056	201358	13.598668361347388	12.212844663567227	0.00777264931246527	0.0019440698786909007	0.053167636198579	0.04056622437438629	4.857144205863322	6.242971627761273	126005	11.744084803847484	0.0014248535161705185	0.1565170621671039	6.553686266215172
s_109-ist-1-mid-stem-1.csv	s_109.png	mid	ist	1	stem	i	t	0.045360824742268	True	False	mid	mid	4	is	st	ist	top	top	589101	897911	13.286354622513352	13.707827346936803	0.005687648415293598	0.008669145148666681	0.08546248093200515	0.180896011552705	5.16945840004886	4.747985091820567	218974	12.296712847031289	0.0024761388345694467	0.37170875622346594	6.001054853611638
s_110-seine-0-ini-stem-1.csv	s_110.png	ini	seine	0	stem	-	e	0.0103092783505154	False	True	ini	ini	1	#s	se	#se	line_right	line	805056	594667	13.598668361347388	13.295758545603935	0.00777264931246527	0.005741386995060945	0.053167636198579	0.11980350892461772	4.857144205863322	5.160054461069925	175181	12.073580712480313	0.0019809314218980803	0.217601011606646	6.224188129786149
s_111-Priesterin-4-mid-stem-1.csv	s_111.png	mid	Priesterin	4	stem	e	t	0.0	True	False	fin	mid	1	es	st	est	line_right	top	789215	897911	13.57879532661997	13.707827346936803	0.00761970773106129	0.008669145148666681	0.05653990658627244	0.180896011552705	4.877017265522941	4.747985091820567	118090	11.67921079267701	0.0013353513886320107	0.14962969533016984	6.618560809305811
s_112-ebenfalls-8-fin-stem-1.csv	s_112.png	fin	ebenfalls	8	stem	l	-	0.0	False	False	fin	fin	1	ls	s#	ls#	line_right	middle	158564	1220084	11.973919882870874	14.014431086413596	0.0015309026522151788	0.011779658885530791	0.0508410721116372	0.24580201084436043	6.481897748772857	4.441381058263632	109912	11.607444422750037	0.0012428752801026469	0.6931712116243284	6.690327809297354
s_113-Thoas-4-fin-stem-1.csv	s_113.png	fin	Thoas	4	stem	a	-	0.0371134020618556	True	False	fin	fin	8	as	s#	as#	line_right	middle	442135	1220084	12.999372806039958	14.014431086413596	0.004268722056312645	0.011779658885530791	0.09103041525813346	0.24580201084436043	5.456440780771983	4.441381058263632	237316	12.377152079133063	0.0026835485658785185	0.5367500876429145	5.920615268550091
s_113-Thoas-4-fin-stem-2_aux.csv	s_113.png	fin	Thoas	4	stem	a	-	0.0371134020618556	True	False	fin	fin	8	as	s#	as#	line_right	middle	442135	1220084	12.999372806039958	14.014431086413596	0.004268722056312645	0.011779658885530791	0.09103041525813346	0.24580201084436043	5.456440780771983	4.441381058263632	237316	12.377152079133063	0.0026835485658785185	0.5367500876429145	5.920615268550091
s_114-sich-0-ini-stem-1.csv	s_114.png	ini	sich	0	stem	-	i	0.0412371134020618	False	True	ini	ini	3	#s	si	#si	line_right	middle	805056	404512	13.598668361347388	12.910439153406776	0.00777264931246527	0.0039054797662323505	0.053167636198579	0.08149427663232525	4.857144205863322	5.545374643766582	241104	12.392987802237098	0.0027263829384768594	0.2994872406391605	5.904779479243203
s_114-sich-0-ini-stem-2_aux.csv	s_114.png	ini	sich	0	stem	-	i	0.0412371134020618	False	True	ini	ini	3	#s	si	#si	line_right	middle	805056	404512	13.598668361347388	12.910439153406776	0.00777264931246527	0.0039054797662323505	0.053167636198579	0.08149427663232525	4.857144205863322	5.545374643766582	241104	12.392987802237098	0.0027263829384768594	0.2994872406391605	5.904779479243203
s_114-sich-0-ini-stem-3_aux.csv	s_114.png	ini	sich	0	stem	-	i	0.0412371134020618	False	True	ini	ini	3	#s	si	#si	line_right	middle	805056	404512	13.598668361347388	12.910439153406776	0.00777264931246527	0.0039054797662323505	0.053167636198579	0.08149427663232525	4.857144205863322	5.545374643766582	241104	12.392987802237098	0.0027263829384768594	0.2994872406391605	5.904779479243203
s_115-ist-1-mid-stem-1.csv	s_115.png	mid	ist	1	stem	i	t	0.045360824742268	True	False	mid	mid	5	is	st	ist	top	top	589101	897911	13.286354622513352	13.707827346936803	0.005687648415293598	0.008669145148666681	0.08546248093200515	0.180896011552705	5.16945840004886	4.747985091820567	218974	12.296712847031289	0.0024761388345694467	0.37170875622346594	6.001054853611638
s_115-ist-1-mid-stem-2_aux.csv	s_115.png	mid	ist	1	stem	i	t	0.045360824742268	True	False	mid	mid	5	is	st	ist	top	top	589101	897911	13.286354622513352	13.707827346936803	0.005687648415293598	0.008669145148666681	0.08546248093200515	0.180896011552705	5.16945840004886	4.747985091820567	218974	12.296712847031289	0.0024761388345694467	0.37170875622346594	6.001054853611638
s_116-Iphigenies-9-fin-stem-1.csv	s_116.png	fin	Iphigenies	9	stem	e	-	0.0103092783505154	True	False	fin	na	3	es	s#	es#	line_right	middle	789215	1220084	13.57879532661997	14.014431086413596	0.00761970773106129	0.011779658885530791	0.05653990658627244	0.24580201084436043	4.877017265522941	4.441381058263632	316197	12.664123878626816	0.003575528012797662	0.4006474788238946	5.633642417854672
s_117-Interessen-6-mid-stem-1.csv	s_117.png	mid	Interessen	6	stem	e	s	0.0	True	False	fin	mid	1	es	ss	ess	line_right	middle	789215	370866	13.57879532661997	12.82359878675043	0.00761970773106129	0.003580634589291608	0.05653990658627244	0.07471584624813092	4.877017265522941	5.63221523469949	55206	10.918845035819478	0.0006242646181795138	0.06995052045386872	7.378936211890722
s_118-Interessen-7-mid-stem-1.csv	s_118.png	mid	Interessen	7	stem	s	e	0.0	False	True	ini	fin	1	ss	se	sse	line_left	line	370866	594667	12.82359878675043	13.295758545603935	0.003580634589291608	0.005741386995060945	0.07471584624813092	0.11980350892461772	5.63221523469949	5.160054461069925	133233	11.7998622597716	0.001506587107812759	0.35924835385287407	6.49790837974937
s_118-Interessen-7-mid-stem-2_aux.csv	s_118.png	mid	Interessen	7	stem	s	e	0.0	False	True	ini	fin	1	ss	se	sse	line_left	line	370866	594667	12.82359878675043	13.295758545603935	0.003580634589291608	0.005741386995060945	0.07471584624813092	0.11980350892461772	5.63221523469949	5.160054461069925	133233	11.7998622597716	0.001506587107812759	0.35924835385287407	6.49790837974937
s_119-Wünsche-3-mid-stem-1.csv	s_119.png	mid	Wünsche	3	stem	n	c	0.0041237113402061	False	False	ini	mid	1	ns	sc	nsc	line_right	middle	329428	553042	12.705116131709016	13.223191035166852	0.0031805592625939174	0.005339506222007435	0.0385837703797871	0.11141760377268022	5.75069822891292	5.232622098074313	55383	10.922046022357861	0.0006262661186942726	0.16811867843656278	7.375735167462459
s_119-Wünsche-3-mid-stem-2_aux.csv	s_119.png	mid	Wünsche	3	stem	n	c	0.0041237113402061	False	False	ini	mid	1	ns	sc	nsc	line_right	middle	329428	553042	12.705116131709016	13.223191035166852	0.0031805592625939174	0.005339506222007435	0.0385837703797871	0.11141760377268022	5.75069822891292	5.232622098074313	55383	10.922046022357861	0.0006262661186942726	0.16811867843656278	7.375735167462459
s_120-Diese-3-mid-stem-1.csv	s_120.png	mid	Diese	3	stem	e	e	0.0041237113402061	True	True	ini	mid	1	es	se	ese	line_right	line	789215	594667	13.57879532661997	13.295758545603935	0.00761970773106129	0.005741386995060945	0.05653990658627244	0.11980350892461772	4.877017265522941	5.160054461069925	107367	11.584017465077642	0.0012140966427576687	0.13604277668315984	6.713754982628885
s_121-unterschiedliche-5-mid-stem-1.csv	s_121.png	mid	unterschiedliche	5	stem	r	c	0.0	False	False	ini	ini	1	rs	sc	rsc	top	middle	275644	553042	12.526869084909004	13.223191035166852	0.0026612858572387225	0.005339506222007435	0.04275720066942497	0.11141760377268022	5.928945868014112	5.232622098074313	50628	10.832279813633209	0.0005724969946960915	0.18367169247289983	7.465503071988799
s_122-Darstellung-3-mid-stem-1.csv	s_122.png	mid	Darstellung	3	stem	r	t	0.0	False	False	ini	ini	1	rs	st	rst	top	top	275644	897911	12.526869084909004	13.707827346936803	0.0026612858572387225	0.008669145148666681	0.04275720066942497	0.180896011552705	5.928945868014112	4.747985091820567	94939	11.461000392105309	0.0010735619060490682	0.34442614386672665	6.836773274819492
s_123-des-2-fin-flex-1.csv	s_123.png	fin	des	2	flex	e	-	0.0123711340206185	True	False	fin	fin	3	es	s#	es#	line_right	middle	789215	1220084	13.57879532661997	14.014431086413596	0.00761970773106129	0.011779658885530791	0.05653990658627244	0.24580201084436043	4.877017265522941	4.441381058263632	316197	12.664123878626816	0.003575528012797662	0.4006474788238946	5.633642417854672
s_124-Thoas-4-fin-stem-1.csv	s_124.png	fin	Thoas	4	stem	a	-	0.0371134020618556	True	False	fin	fin	9	as	s#	as#	line_right	middle	442135	1220084	12.999372806039958	14.014431086413596	0.004268722056312645	0.011779658885530791	0.09103041525813346	0.24580201084436043	5.456440780771983	4.441381058263632	237316	12.377152079133063	0.0026835485658785185	0.5367500876429145	5.920615268550091
s_125-fast-2-mid-stem-1.csv	s_125.png	mid	fast	2	stem	a	t	0.0	True	False	mid	mid	1	as	st	ast	line_right	top	442135	897911	12.999372806039958	13.707827346936803	0.004268722056312645	0.008669145148666681	0.09103041525813346	0.180896011552705	5.456440780771983	4.747985091820567	32062	10.375457996333441	0.00036255429098416066	0.07251631289085912	7.92233632665152
s_126-automatisch-8-mid-der-1.csv	s_126.png	mid	automatisch	8	der	i	c	0.0	True	False	mid	mid	1	is	sc	isc	top	middle	589101	553042	13.286354622513352	13.223191035166852	0.005687648415293598	0.005339506222007435	0.08546248093200515	0.11141760377268022	5.16945840004886	5.232622098074313	143030	11.870816668964741	0.0016173707267002836	0.24279368054034878	6.426953456452193
s_127-Handlungsweisen-8-mid-infix-1.csv	s_127.png	mid	Handlungsweisen	8	infix	g	w	0.0	False	False	fin	na	1	gs	sw	gsw	line_right	middle	112622	27598	11.631801236706348	10.225534819164793	0.001087342136284263	0.00026645298678031905	0.04731406495044547	0.005559981030226328	6.824018967575922	8.230312739750367	4315	8.370084326378025	4.8793642492566066e-05	0.0383140061444478	9.92791053038361
s_127-Handlungsweisen-8-mid-infix-2_aux.csv	s_127.png	mid	Handlungsweisen	8	infix	g	w	0.0	False	False	fin	na	1	gs	sw	gsw	line_right	middle	112622	27598	11.631801236706348	10.225534819164793	0.001087342136284263	0.00026645298678031905	0.04731406495044547	0.005559981030226328	6.824018967575922	8.230312739750367	4315	8.370084326378025	4.8793642492566066e-05	0.0383140061444478	9.92791053038361
s_128-Handlungsweisen-12-mid-stem-1.csv	s_128.png	mid	Handlungsweisen	12	stem	i	e	0.0	True	True	ini	fin	1	is	se	ise	top	line	589101	594667	13.286354622513352	13.295758545603935	0.005687648415293598	0.005741386995060945	0.08546248093200515	0.11980350892461772	5.16945840004886	5.160054461069925	40316	10.604528495215174	0.0004558898008644944	0.06843648202939734	7.69325944242637
s_129-Person-3-mid-stem-1.csv	s_129.png	mid	Person	3	stem	r	o	0.0	False	True	ini	mid	1	rs	so	rso	top	middle	275644	201358	12.526869084909004	12.212844663567227	0.0026612858572387225	0.0019440698786909007	0.04275720066942497	0.04056622437438629	5.928945868014112	6.242971627761273	16086	9.685766771390307	0.0001818990806802822	0.05835788190564641	8.612058526437124
s_130-sich-0-ini-stem-1.csv	s_130.png	ini	sich	0	stem	-	i	0.0412371134020618	False	True	ini	ini	4	#s	si	#si	line_right	middle	805056	404512	13.598668361347388	12.910439153406776	0.00777264931246527	0.0039054797662323505	0.053167636198579	0.08149427663232525	4.857144205863322	5.545374643766582	241104	12.392987802237098	0.0027263829384768594	0.2994872406391605	5.904779479243203
s_130-sich-0-ini-stem-2_aux.csv	s_130.png	ini	sich	0	stem	-	i	0.0412371134020618	False	True	ini	ini	4	#s	si	#si	line_right	middle	805056	404512	13.598668361347388	12.910439153406776	0.00777264931246527	0.0039054797662323505	0.053167636198579	0.08149427663232525	4.857144205863322	5.545374643766582	241104	12.392987802237098	0.0027263829384768594	0.2994872406391605	5.904779479243203
s_131-sie-0-ini-stem-1.csv	s_131.png	ini	sie	0	stem	-	i	0.0247422680412371	False	True	ini	ini	4	#s	si	#si	line_right	middle	805056	404512	13.598668361347388	12.910439153406776	0.00777264931246527	0.0039054797662323505	0.053167636198579	0.08149427663232525	4.857144205863322	5.545374643766582	241104	12.392987802237098	0.0027263829384768594	0.2994872406391605	5.904779479243203
s_132-des-2-fin-flex-1.csv	s_132.png	fin	des	2	flex	e	-	0.0123711340206185	True	False	fin	fin	4	es	s#	es#	line_right	middle	789215	1220084	13.57879532661997	14.014431086413596	0.00761970773106129	0.011779658885530791	0.05653990658627244	0.24580201084436043	4.877017265522941	4.441381058263632	316197	12.664123878626816	0.003575528012797662	0.4006474788238946	5.633642417854672
s_133-Königs-5-fin-flex-1.csv	s_133.png	fin	Königs	5	flex	g	-	0.0041237113402061	False	False	fin	na	1	gs	s#	gs#	line_right	middle	112622	1220084	11.631801236706348	14.014431086413596	0.001087342136284263	0.011779658885530791	0.04731406495044547	0.24580201084436043	6.824018967575922	4.441381058263632	22866	10.037450102199095	0.0002585667275168055	0.20303315515618617	8.260356763799223
s_134-es-1-fin-stem-1.csv	s_134.png	fin	es	1	stem	e	-	0.0144329896907216	True	False	fin	fin	2	es	s#	es#	line_right	middle	789215	1220084	13.57879532661997	14.014431086413596	0.00761970773106129	0.011779658885530791	0.05653990658627244	0.24580201084436043	4.877017265522941	4.441381058263632	316197	12.664123878626816	0.003575528012797662	0.4006474788238946	5.633642417854672
s_135-schwer-0-ini-stem-1.csv	s_135.png	ini	schwer	0	stem	-	c	0.0	False	False	ini	ini	1	#s	sc	#sc	line_right	middle	805056	553042	13.598668361347388	13.223191035166852	0.00777264931246527	0.005339506222007435	0.053167636198579	0.11141760377268022	4.857144205863322	5.232622098074313	89134	11.397907353385962	0.0010079194739124875	0.11071776373320613	6.899866999515676
s_136-Pylades-6-fin-stem-1.csv	s_136.png	fin	Pylades	6	stem	e	-	0.0103092783505154	True	False	fin	fin	1	es	s#	es#	line_right	middle	789215	1220084	13.57879532661997	14.014431086413596	0.00761970773106129	0.011779658885530791	0.05653990658627244	0.24580201084436043	4.877017265522941	4.441381058263632	316197	12.664123878626816	0.003575528012797662	0.4006474788238946	5.633642417854672
s_137-zuzulassen-6-mid-stem-1.csv	s_137.png	mid	zuzulassen	6	stem	a	s	0.0	True	False	fin	mid	1	as	ss	ass	line_right	middle	442135	370866	12.999372806039958	12.82359878675043	0.004268722056312645	0.003580634589291608	0.09103041525813346	0.07471584624813092	5.456440780771983	5.63221523469949	130273	11.777395203678102	0.0014731156867749846	0.2946453006434686	6.520375606381273
s_137-zuzulassen-6-mid-stem-2_aux.csv	s_137.png	mid	zuzulassen	6	stem	a	s	0.0	True	False	fin	mid	1	as	ss	ass	line_right	middle	442135	370866	12.999372806039958	12.82359878675043	0.004268722056312645	0.003580634589291608	0.09103041525813346	0.07471584624813092	5.456440780771983	5.63221523469949	130273	11.777395203678102	0.0014731156867749846	0.2946453006434686	6.520375606381273
s_138-zuzulassen-7-mid-stem-1.csv	s_138.png	mid	zuzulassen	7	stem	s	e	0.0	False	True	ini	fin	1	ss	se	sse	line_left	line	370866	594667	12.82359878675043	13.295758545603935	0.003580634589291608	0.005741386995060945	0.07471584624813092	0.11980350892461772	5.63221523469949	5.160054461069925	133233	11.7998622597716	0.001506587107812759	0.35924835385287407	6.49790837974937
s_138-zuzulassen-7-mid-stem-2_aux.csv	s_138.png	mid	zuzulassen	7	stem	s	e	0.0	False	True	ini	fin	1	ss	se	sse	line_left	line	370866	594667	12.82359878675043	13.295758545603935	0.003580634589291608	0.005741386995060945	0.07471584624813092	0.11980350892461772	5.63221523469949	5.160054461069925	133233	11.7998622597716	0.001506587107812759	0.35924835385287407	6.49790837974937
s_138-zuzulassen-7-mid-stem-3_aux.csv	s_138.png	mid	zuzulassen	7	stem	s	e	0.0	False	True	ini	fin	1	ss	se	sse	line_left	line	370866	594667	12.82359878675043	13.295758545603935	0.003580634589291608	0.005741386995060945	0.07471584624813092	0.11980350892461772	5.63221523469949	5.160054461069925	133233	11.7998622597716	0.001506587107812759	0.35924835385287407	6.49790837974937
s_139-später-0-ini-stem-1.csv	s_139.png	ini	später	0	stem	-	p	0.0	False	False	ini	ini	1	#s	sp	#sp	line_right	middle	805056	134179	13.598668361347388	11.80693746111688	0.00777264931246527	0.0012954705164575848	0.053167636198579	0.027032128946109808	4.857144205863322	6.648881316648269	34746	10.455848516330956	0.00039290472816841263	0.043159730503219654	7.841943397447293
s_140-sogar-0-ini-stem-1.csv	s_140.png	ini	sogar	0	stem	-	o	0.0123711340206185	False	True	ini	ini	2	#s	so	#so	line_right	middle	805056	201358	13.598668361347388	12.212844663567227	0.00777264931246527	0.0019440698786909007	0.053167636198579	0.04056622437438629	4.857144205863322	6.242971627761273	126005	11.744084803847484	0.0014248535161705185	0.1565170621671039	6.553686266215172
s_141-Thoas-4-fin-stem-1.csv	s_141.png	fin	Thoas	4	stem	a	-	0.0371134020618556	True	False	fin	fin	10	as	s#	as#	line_right	middle	442135	1220084	12.999372806039958	14.014431086413596	0.004268722056312645	0.011779658885530791	0.09103041525813346	0.24580201084436043	5.456440780771983	4.441381058263632	237316	12.377152079133063	0.0026835485658785185	0.5367500876429145	5.920615268550091
s_142-so-0-ini-stem-1.csv	s_142.png	ini	so	0	stem	-	o	0.0144329896907216	False	True	ini	ini	2	#s	so	#so	line_right	middle	805056	201358	13.598668361347388	12.212844663567227	0.00777264931246527	0.0019440698786909007	0.053167636198579	0.04056622437438629	4.857144205863322	6.242971627761273	126005	11.744084803847484	0.0014248535161705185	0.1565170621671039	6.553686266215172
s_142-so-0-ini-stem-2_aux.csv	s_142.png	ini	so	0	stem	-	o	0.0144329896907216	False	True	ini	ini	2	#s	so	#so	line_right	middle	805056	201358	13.598668361347388	12.212844663567227	0.00777264931246527	0.0019440698786909007	0.053167636198579	0.04056622437438629	4.857144205863322	6.242971627761273	126005	11.744084803847484	0.0014248535161705185	0.1565170621671039	6.553686266215172
s_143-dessen-2-mid-stem-1.csv	s_143.png	mid	dessen	2	stem	e	s	0.0	True	False	fin	mid	1	es	ss	ess	line_right	middle	789215	370866	13.57879532661997	12.82359878675043	0.00761970773106129	0.003580634589291608	0.05653990658627244	0.07471584624813092	4.877017265522941	5.63221523469949	55206	10.918845035819478	0.0006242646181795138	0.06995052045386872	7.378936211890722
s_143-dessen-2-mid-stem-2_aux.csv	s_143.png	mid	dessen	2	stem	e	s	0.0	True	False	fin	mid	1	es	ss	ess	line_right	middle	789215	370866	13.57879532661997	12.82359878675043	0.00761970773106129	0.003580634589291608	0.05653990658627244	0.07471584624813092	4.877017265522941	5.63221523469949	55206	10.918845035819478	0.0006242646181795138	0.06995052045386872	7.378936211890722
s_144-dessen-3-mid-stem-1.csv	s_144.png	mid	dessen	3	stem	s	e	0.0	False	True	ini	fin	1	ss	se	sse	line_left	line	370866	594667	12.82359878675043	13.295758545603935	0.003580634589291608	0.005741386995060945	0.07471584624813092	0.11980350892461772	5.63221523469949	5.160054461069925	133233	11.7998622597716	0.001506587107812759	0.35924835385287407	6.49790837974937
s_144-dessen-3-mid-stem-2_aux.csv	s_144.png	mid	dessen	3	stem	s	e	0.0	False	True	ini	fin	1	ss	se	sse	line_left	line	370866	594667	12.82359878675043	13.295758545603935	0.003580634589291608	0.005741386995060945	0.07471584624813092	0.11980350892461772	5.63221523469949	5.160054461069925	133233	11.7998622597716	0.001506587107812759	0.35924835385287407	6.49790837974937
s_145-sich-0-ini-stem-1.csv	s_145.png	ini	sich	0	stem	-	i	0.0412371134020618	False	True	ini	ini	5	#s	si	#si	line_right	middle	805056	404512	13.598668361347388	12.910439153406776	0.00777264931246527	0.0039054797662323505	0.053167636198579	0.08149427663232525	4.857144205863322	5.545374643766582	241104	12.392987802237098	0.0027263829384768594	0.2994872406391605	5.904779479243203
s_146-selbst-0-ini-stem-1.csv	s_146.png	ini	selbst	0	stem	-	e	0.0103092783505154	False	True	ini	ini	3	#s	se	#se	line_right	line	805056	594667	13.598668361347388	13.295758545603935	0.00777264931246527	0.005741386995060945	0.053167636198579	0.11980350892461772	4.857144205863322	5.160054461069925	175181	12.073580712480313	0.0019809314218980803	0.217601011606646	6.224188129786149
s_147-selbst-4-mid-stem-1.csv	s_147.png	mid	selbst	4	stem	b	t	0.0103092783505154	False	False	mid	mid	1	bs	st	bst	line_left	top	52210	897911	10.863048479640058	13.707827346936803	0.0005040767606275982	0.008669145148666681	0.036176978248773715	0.180896011552705	7.592781998657268	4.747985091820567	25507	10.146747407435162	0.0002884309244630087	0.4885462555066079	8.151054930621621
s_148-ist-1-mid-stem-1.csv	s_148.png	mid	ist	1	stem	i	t	0.045360824742268	True	False	mid	mid	6	is	st	ist	top	top	589101	897911	13.286354622513352	13.707827346936803	0.005687648415293598	0.008669145148666681	0.08546248093200515	0.180896011552705	5.16945840004886	4.747985091820567	218974	12.296712847031289	0.0024761388345694467	0.37170875622346594	6.001054853611638
s_148-ist-1-mid-stem-2_aux.csv	s_148.png	mid	ist	1	stem	i	t	0.045360824742268	True	False	mid	mid	6	is	st	ist	top	top	589101	897911	13.286354622513352	13.707827346936803	0.005687648415293598	0.008669145148666681	0.08546248093200515	0.180896011552705	5.16945840004886	4.747985091820567	218974	12.296712847031289	0.0024761388345694467	0.37170875622346594	6.001054853611638
s_149-sich-0-ini-stem-1.csv	s_149.png	ini	sich	0	stem	-	i	0.0412371134020618	False	True	ini	ini	6	#s	si	#si	line_right	middle	805056	404512	13.598668361347388	12.910439153406776	0.00777264931246527	0.0039054797662323505	0.053167636198579	0.08149427663232525	4.857144205863322	5.545374643766582	241104	12.392987802237098	0.0027263829384768594	0.2994872406391605	5.904779479243203
s_150-sie-0-ini-stem-1.csv	s_150.png	ini	sie	0	stem	-	i	0.0247422680412371	False	True	ini	ini	5	#s	si	#si	line_right	middle	805056	404512	13.598668361347388	12.910439153406776	0.00777264931246527	0.0039054797662323505	0.053167636198579	0.08149427663232525	4.857144205863322	5.545374643766582	241104	12.392987802237098	0.0027263829384768594	0.2994872406391605	5.904779479243203
s_151-Thoas-4-fin-stem-1.csv	s_151.png	fin	Thoas	4	stem	a	-	0.0371134020618556	True	False	fin	fin	11	as	s#	as#	line_right	middle	442135	1220084	12.999372806039958	14.014431086413596	0.004268722056312645	0.011779658885530791	0.09103041525813346	0.24580201084436043	5.456440780771983	4.441381058263632	237316	12.377152079133063	0.0026835485658785185	0.5367500876429145	5.920615268550091
s_152-Verständnis-3-mid-stem-1.csv	s_152.png	mid	Verständnis	3	stem	r	t	0.0	False	False	ini	ini	1	rs	st	rst	top	top	275644	897911	12.526869084909004	13.707827346936803	0.0026612858572387225	0.008669145148666681	0.04275720066942497	0.180896011552705	5.928945868014112	4.747985091820567	94939	11.461000392105309	0.0010735619060490682	0.34442614386672665	6.836773274819492
s_153-Verständnis-10-fin-der-1.csv	s_153.png	fin	Verständnis	10	der	i	-	0.0	True	False	fin	fin	1	is	s#	is#	top	middle	589101	1220084	13.286354622513352	14.014431086413596	0.005687648415293598	0.011779658885530791	0.08546248093200515	0.24580201084436043	5.16945840004886	4.441381058263632	67736	11.123387838411437	0.000765952761964416	0.11498198101853502	7.174390058579025
s_154-seine-0-ini-stem-1.csv	s_154.png	ini	seine	0	stem	-	e	0.0103092783505154	False	True	ini	ini	2	#s	se	#se	line_right	line	805056	594667	13.598668361347388	13.295758545603935	0.00777264931246527	0.005741386995060945	0.053167636198579	0.11980350892461772	4.857144205863322	5.160054461069925	175181	12.073580712480313	0.0019809314218980803	0.217601011606646	6.224188129786149
s_154-seine-0-ini-stem-2_aux.csv	s_154.png	ini	seine	0	stem	-	e	0.0103092783505154	False	True	ini	ini	2	#s	se	#se	line_right	line	805056	594667	13.598668361347388	13.295758545603935	0.00777264931246527	0.005741386995060945	0.053167636198579	0.11980350892461772	4.857144205863322	5.160054461069925	175181	12.073580712480313	0.0019809314218980803	0.217601011606646	6.224188129786149
s_155-Dies-3-fin-stem-1.csv	s_155.png	fin	Dies	3	stem	e	-	0.0	True	False	fin	fin	1	es	s#	es#	line_right	middle	789215	1220084	13.57879532661997	14.014431086413596	0.00761970773106129	0.011779658885530791	0.05653990658627244	0.24580201084436043	4.877017265522941	4.441381058263632	316197	12.664123878626816	0.003575528012797662	0.4006474788238946	5.633642417854672
s_156-ist-1-mid-stem-1.csv	s_156.png	mid	ist	1	stem	i	t	0.045360824742268	True	False	mid	mid	7	is	st	ist	top	top	589101	897911	13.286354622513352	13.707827346936803	0.005687648415293598	0.008669145148666681	0.08546248093200515	0.180896011552705	5.16945840004886	4.747985091820567	218974	12.296712847031289	0.0024761388345694467	0.37170875622346594	6.001054853611638
s_156-ist-1-mid-stem-2_aux.csv	s_156.png	mid	ist	1	stem	i	t	0.045360824742268	True	False	mid	mid	7	is	st	ist	top	top	589101	897911	13.286354622513352	13.707827346936803	0.005687648415293598	0.008669145148666681	0.08546248093200515	0.180896011552705	5.16945840004886	4.747985091820567	218974	12.296712847031289	0.0024761388345694467	0.37170875622346594	6.001054853611638
s_157-ebenfals-7-fin-stem-1.csv	s_157.png	fin	ebenfals	7	stem	l	-	0.0041237113402061	False	False	fin	fin	2	ls	s#	ls#	line_right	middle	158564	1220084	11.973919882870874	14.014431086413596	0.0015309026522151788	0.011779658885530791	0.0508410721116372	0.24580201084436043	6.481897748772857	4.441381058263632	109912	11.607444422750037	0.0012428752801026469	0.6931712116243284	6.690327809297354
s_157-ebenfals-7-fin-stem-2_aux.csv	s_157.png	fin	ebenfals	7	stem	l	-	0.0041237113402061	False	False	fin	fin	2	ls	s#	ls#	line_right	middle	158564	1220084	11.973919882870874	14.014431086413596	0.0015309026522151788	0.011779658885530791	0.0508410721116372	0.24580201084436043	6.481897748772857	4.441381058263632	109912	11.607444422750037	0.0012428752801026469	0.6931712116243284	6.690327809297354
s_158-so-0-ini-stem-1.csv	s_158.png	ini	so	0	stem	-	o	0.0144329896907216	False	True	ini	ini	3	#s	so	#so	line_right	middle	805056	201358	13.598668361347388	12.212844663567227	0.00777264931246527	0.0019440698786909007	0.053167636198579	0.04056622437438629	4.857144205863322	6.242971627761273	126005	11.744084803847484	0.0014248535161705185	0.1565170621671039	6.553686266215172
s_159-das-2-fin-flex-1.csv	s_159.png	fin	das	2	flex	a	-	0.0288659793814433	True	False	fin	fin	3	as	s#	as#	line_right	middle	442135	1220084	12.999372806039958	14.014431086413596	0.004268722056312645	0.011779658885530791	0.09103041525813346	0.24580201084436043	5.456440780771983	4.441381058263632	237316	12.377152079133063	0.0026835485658785185	0.5367500876429145	5.920615268550091
s_159-das-2-fin-flex-2_aux.csv	s_159.png	fin	das	2	flex	a	-	0.0288659793814433	True	False	fin	fin	3	as	s#	as#	line_right	middle	442135	1220084	12.999372806039958	14.014431086413596	0.004268722056312645	0.011779658885530791	0.09103041525813346	0.24580201084436043	5.456440780771983	4.441381058263632	237316	12.377152079133063	0.0026835485658785185	0.5367500876429145	5.920615268550091
s_160-gewaltsame-6-mid-der-1.csv	s_160.png	mid	gewaltsame	6	der	t	a	0.0	False	True	ini	ini	1	ts	sa	tsa	top	middle	227116	148190	12.33322058218325	11.906257261255119	0.002192758045713419	0.00143074382603723	0.04172617724384119	0.029854829656831637	6.122595145905257	6.549560811877642	9378	9.146228426508939	0.00010604560354467777	0.04129167473889995	9.151641334251607
s_161-sich-0-ini-stem-1.csv	s_161.png	ini	sich	0	stem	-	i	0.0412371134020618	False	True	ini	ini	7	#s	si	#si	line_right	middle	805056	404512	13.598668361347388	12.910439153406776	0.00777264931246527	0.0039054797662323505	0.053167636198579	0.08149427663232525	4.857144205863322	5.545374643766582	241104	12.392987802237098	0.0027263829384768594	0.2994872406391605	5.904779479243203
s_161-sich-0-ini-stem-2_aux.csv	s_161.png	ini	sich	0	stem	-	i	0.0412371134020618	False	True	ini	ini	7	#s	si	#si	line_right	middle	805056	404512	13.598668361347388	12.910439153406776	0.00777264931246527	0.0039054797662323505	0.053167636198579	0.08149427663232525	4.857144205863322	5.545374643766582	241104	12.392987802237098	0.0027263829384768594	0.2994872406391605	5.904779479243203
s_162-Freundschaft-6-mid-der-1.csv	s_162.png	mid	Freundschaft	6	der	d	c	0.0	False	False	ini	ini	1	ds	sc	dsc	line_right	middle	31238	553042	10.349422593198005	13.223191035166852	0.00030159643456205545	0.005339506222007435	0.008528564603098764	0.11141760377268022	8.106420743644199	5.232622098074313	5876	8.678801706612651	6.644529392498684e-05	0.18810423202509763	9.619131596607371
s_163-Thoas-4-fin-stem-1.csv	s_163.png	fin	Thoas	4	stem	a	-	0.0371134020618556	True	False	fin	fin	12	as	s#	as#	line_right	middle	442135	1220084	12.999372806039958	14.014431086413596	0.004268722056312645	0.011779658885530791	0.09103041525813346	0.24580201084436043	5.456440780771983	4.441381058263632	237316	12.377152079133063	0.0026835485658785185	0.5367500876429145	5.920615268550091
s_164-Tatsache-3-mid-stem-1.csv	s_164.png	mid	Tatsache	3	stem	t	a	0.0	False	True	ini	ini	1	ts	sa	tsa	top	middle	227116	148190	12.33322058218325	11.906257261255119	0.002192758045713419	0.00143074382603723	0.04172617724384119	0.029854829656831637	6.122595145905257	6.549560811877642	9378	9.146228426508939	0.00010604560354467777	0.04129167473889995	9.151641334251607
s_165-Pylades-6-fin-stem-1.csv	s_165.png	fin	Pylades	6	stem	e	-	0.0103092783505154	True	False	fin	fin	2	es	s#	es#	line_right	middle	789215	1220084	13.57879532661997	14.014431086413596	0.00761970773106129	0.011779658885530791	0.05653990658627244	0.24580201084436043	4.877017265522941	4.441381058263632	316197	12.664123878626816	0.003575528012797662	0.4006474788238946	5.633642417854672
s_165-Pylades-6-fin-stem-2_aux.csv	s_165.png	fin	Pylades	6	stem	e	-	0.0103092783505154	True	False	fin	fin	2	es	s#	es#	line_right	middle	789215	1220084	13.57879532661997	14.014431086413596	0.00761970773106129	0.011779658885530791	0.05653990658627244	0.24580201084436043	4.877017265522941	4.441381058263632	316197	12.664123878626816	0.003575528012797662	0.4006474788238946	5.633642417854672
s_165-Pylades-6-fin-stem-3_aux.csv	s_165.png	fin	Pylades	6	stem	e	-	0.0103092783505154	True	False	fin	fin	2	es	s#	es#	line_right	middle	789215	1220084	13.57879532661997	14.014431086413596	0.00761970773106129	0.011779658885530791	0.05653990658627244	0.24580201084436043	4.877017265522941	4.441381058263632	316197	12.664123878626816	0.003575528012797662	0.4006474788238946	5.633642417854672
s_165-Pylades-6-fin-stem-4_aux.csv	s_165.png	fin	Pylades	6	stem	e	-	0.0103092783505154	True	False	fin	fin	2	es	s#	es#	line_right	middle	789215	1220084	13.57879532661997	14.014431086413596	0.00761970773106129	0.011779658885530791	0.05653990658627244	0.24580201084436043	4.877017265522941	4.441381058263632	316197	12.664123878626816	0.003575528012797662	0.4006474788238946	5.633642417854672
s_166-ist-1-mid-stem-1.csv	s_166.png	mid	ist	1	stem	i	t	0.045360824742268	True	False	mid	mid	8	is	st	ist	top	top	589101	897911	13.286354622513352	13.707827346936803	0.005687648415293598	0.008669145148666681	0.08546248093200515	0.180896011552705	5.16945840004886	4.747985091820567	218974	12.296712847031289	0.0024761388345694467	0.37170875622346594	6.001054853611638
s_166-ist-1-mid-stem-2_aux.csv	s_166.png	mid	ist	1	stem	i	t	0.045360824742268	True	False	mid	mid	8	is	st	ist	top	top	589101	897911	13.286354622513352	13.707827346936803	0.005687648415293598	0.008669145148666681	0.08546248093200515	0.180896011552705	5.16945840004886	4.747985091820567	218974	12.296712847031289	0.0024761388345694467	0.37170875622346594	6.001054853611638
s_167-seinen-0-ini-stem-1.csv	s_167.png	ini	seinen	0	stem	-	e	0.0	False	True	ini	ini	1	#s	se	#se	line_right	line	805056	594667	13.598668361347388	13.295758545603935	0.00777264931246527	0.005741386995060945	0.053167636198579	0.11980350892461772	4.857144205863322	5.160054461069925	175181	12.073580712480313	0.0019809314218980803	0.217601011606646	6.224188129786149
s_168-Orest-3-mid-stem-1.csv	s_168.png	mid	Orest	3	stem	e	t	0.0123711340206185	True	False	mid	mid	3	es	st	est	line_right	top	789215	897911	13.57879532661997	13.707827346936803	0.00761970773106129	0.008669145148666681	0.05653990658627244	0.180896011552705	4.877017265522941	4.747985091820567	118090	11.67921079267701	0.0013353513886320107	0.14962969533016984	6.618560809305811
s_168-Orest-3-mid-stem-2_aux.csv	s_168.png	mid	Orest	3	stem	e	t	0.0123711340206185	True	False	mid	mid	3	es	st	est	line_right	top	789215	897911	13.57879532661997	13.707827346936803	0.00761970773106129	0.008669145148666681	0.05653990658627244	0.180896011552705	4.877017265522941	4.747985091820567	118090	11.67921079267701	0.0013353513886320107	0.14962969533016984	6.618560809305811
s_169-unterschreicht-5-mid-stem-1.csv	s_169.png	mid	unterschreicht	5	stem	r	c	0.0	False	False	ini	ini	1	rs	sc	rsc	top	middle	275644	553042	12.526869084909004	13.223191035166852	0.0026612858572387225	0.005339506222007435	0.04275720066942497	0.11141760377268022	5.928945868014112	5.232622098074313	50628	10.832279813633209	0.0005724969946960915	0.18367169247289983	7.465503071988799
s_170-umso-2-mid-stem-1.csv	s_170.png	mid	umso	2	stem	m	o	0.0	False	True	ini	ini	1	ms	so	mso	line_right	middle	36375	201358	10.501664495504846	12.212844663567227	0.0003511931079836983	0.0019440698786909007	0.01738064691842922	0.04056622437438629	7.954174320588073	6.242971627761273	1026	6.934397209928558	1.1601918238093344e-05	0.02820618556701031	11.364340108170424
s_171-Ausweglosigkeit-2-mid-stem-1.csv	s_171.png	mid	Ausweglosigkeit	2	stem	u	w	0.0	True	False	fin	fin	1	us	sw	usw	line_right	middle	355289	27598	12.78068963638365	10.225534819164793	0.003430241873331139	0.00026645298678031905	0.11054222124872086	0.005559981030226328	5.675124503284333	8.230312739750367	6232	8.73761303680885	7.047091077952994e-05	0.01754065000605141	9.560310546350554
s_172-Ausweglosigkeit-8-mid-der-1.csv	s_172.png	mid	Ausweglosigkeit	8	der	o	i	0.0	True	True	ini	fin	1	os	si	osi	top	middle	91217	404512	11.421007525008891	12.910439153406776	0.000880681284699629	0.0039054797662323505	0.0393290642806882	0.08149427663232525	7.034814762861647	5.545374643766582	9913	9.20170317858052	0.00011209533673900519	0.108674918052556	9.09616082786824
s_173-als-2-fin-stem-1.csv	s_173.png	fin	als	2	stem	l	-	0.0144329896907216	False	False	fin	fin	4	ls	s#	ls#	line_right	middle	158564	1220084	11.973919882870874	14.014431086413596	0.0015309026522151788	0.011779658885530791	0.0508410721116372	0.24580201084436043	6.481897748772857	4.441381058263632	109912	11.607444422750037	0.0012428752801026469	0.6931712116243284	6.690327809297354
s_174-sogar-0-ini-stem-1.csv	s_174.png	ini	sogar	0	stem	-	o	0.0123711340206185	False	True	ini	ini	3	#s	so	#so	line_right	middle	805056	201358	13.598668361347388	12.212844663567227	0.00777264931246527	0.0019440698786909007	0.053167636198579	0.04056622437438629	4.857144205863322	6.242971627761273	126005	11.744084803847484	0.0014248535161705185	0.1565170621671039	6.553686266215172
s_174-sogar-0-ini-stem-2_aux.csv	s_174.png	ini	sogar	0	stem	-	o	0.0123711340206185	False	True	ini	ini	3	#s	so	#so	line_right	middle	805056	201358	13.598668361347388	12.212844663567227	0.00777264931246527	0.0019440698786909007	0.053167636198579	0.04056622437438629	4.857144205863322	6.242971627761273	126005	11.744084803847484	0.0014248535161705185	0.1565170621671039	6.553686266215172
s_175-entscheiden-3-mid-stem-1.csv	s_175.png	mid	entscheiden	3	stem	t	c	0.0	False	False	ini	ini	1	ts	sc	tsc	top	middle	227116	553042	12.33322058218325	13.223191035166852	0.002192758045713419	0.005339506222007435	0.04172617724384119	0.11141760377268022	6.122595145905257	5.232622098074313	71481	11.17720094873644	0.000808300894324708	0.3147334401803484	7.12057617479838
s_176-soll-0-ini-stem-1.csv	s_176.png	ini	soll	0	stem	-	o	0.0041237113402061	False	True	ini	ini	1	#s	so	#so	line_right	middle	805056	201358	13.598668361347388	12.212844663567227	0.00777264931246527	0.0019440698786909007	0.053167636198579	0.04056622437438629	4.857144205863322	6.242971627761273	126005	11.744084803847484	0.0014248535161705185	0.1565170621671039	6.553686266215172
s_176-soll-0-ini-stem-2_aux.csv	s_176.png	ini	soll	0	stem	-	o	0.0041237113402061	False	True	ini	ini	1	#s	so	#so	line_right	middle	805056	201358	13.598668361347388	12.212844663567227	0.00777264931246527	0.0019440698786909007	0.053167636198579	0.04056622437438629	4.857144205863322	6.242971627761273	126005	11.744084803847484	0.0014248535161705185	0.1565170621671039	6.553686266215172
s_177-sie-0-ini-stem-1.csv	s_177.png	ini	sie	0	stem	-	i	0.0247422680412371	False	True	ini	ini	6	#s	si	#si	line_right	middle	805056	404512	13.598668361347388	12.910439153406776	0.00777264931246527	0.0039054797662323505	0.053167636198579	0.08149427663232525	4.857144205863322	5.545374643766582	241104	12.392987802237098	0.0027263829384768594	0.2994872406391605	5.904779479243203
s_178-sie-0-ini-stem-1.csv	s_178.png	ini	sie	0	stem	-	i	0.0247422680412371	False	True	ini	ini	7	#s	si	#si	line_right	middle	805056	404512	13.598668361347388	12.910439153406776	0.00777264931246527	0.0039054797662323505	0.053167636198579	0.08149427663232525	4.857144205863322	5.545374643766582	241104	12.392987802237098	0.0027263829384768594	0.2994872406391605	5.904779479243203
s_179-soll-0-ini-stem-1.csv	s_179.png	ini	soll	0	stem	-	o	0.0041237113402061	False	True	ini	ini	2	#s	so	#so	line_right	middle	805056	201358	13.598668361347388	12.212844663567227	0.00777264931246527	0.0019440698786909007	0.053167636198579	0.04056622437438629	4.857144205863322	6.242971627761273	126005	11.744084803847484	0.0014248535161705185	0.1565170621671039	6.553686266215172
s_179-soll-0-ini-stem-2_aux.csv	s_179.png	ini	soll	0	stem	-	o	0.0041237113402061	False	True	ini	ini	2	#s	so	#so	line_right	middle	805056	201358	13.598668361347388	12.212844663567227	0.00777264931246527	0.0019440698786909007	0.053167636198579	0.04056622437438629	4.857144205863322	6.242971627761273	126005	11.744084803847484	0.0014248535161705185	0.1565170621671039	6.553686266215172
s_180-wesentliche-2-mid-stem-1.csv	s_180.png	mid	wesentliche	2	stem	e	e	0.0	True	True	ini	mid	1	es	se	ese	line_right	line	789215	594667	13.57879532661997	13.295758545603935	0.00761970773106129	0.005741386995060945	0.05653990658627244	0.11980350892461772	4.877017265522941	5.160054461069925	107367	11.584017465077642	0.0012140966427576687	0.13604277668315984	6.713754982628885
s_180-wesentliche-2-mid-stem-2_aux.csv	s_180.png	mid	wesentliche	2	stem	e	e	0.0	True	True	ini	mid	1	es	se	ese	line_right	line	789215	594667	13.57879532661997	13.295758545603935	0.00761970773106129	0.005741386995060945	0.05653990658627244	0.11980350892461772	4.877017265522941	5.160054461069925	107367	11.584017465077642	0.0012140966427576687	0.13604277668315984	6.713754982628885
s_181-Gemeinsamkeiten-6-mid-stem-1.csv	s_181.png	mid	Gemeinsamkeiten	6	stem	n	a	0.0	False	True	ini	ini	1	ns	sa	nsa	line_right	middle	329428	148190	12.705116131709016	11.906257261255119	0.0031805592625939174	0.00143074382603723	0.0385837703797871	0.029854829656831637	5.75069822891292	6.549560811877642	22780	10.033682134193954	0.00025759424704070797	0.06915016331337956	8.264124896899965
s_182-ist-1-mid-stem-1.csv	s_182.png	mid	ist	1	stem	i	t	0.045360824742268	True	False	mid	mid	9	is	st	ist	top	top	589101	897911	13.286354622513352	13.707827346936803	0.005687648415293598	0.008669145148666681	0.08546248093200515	0.180896011552705	5.16945840004886	4.747985091820567	218974	12.296712847031289	0.0024761388345694467	0.37170875622346594	6.001054853611638
s_183-es-1-fin-stem-1.csv	s_183.png	fin	es	1	stem	e	-	0.0144329896907216	True	False	fin	fin	3	es	s#	es#	line_right	middle	789215	1220084	13.57879532661997	14.014431086413596	0.00761970773106129	0.011779658885530791	0.05653990658627244	0.24580201084436043	4.877017265522941	4.441381058263632	316197	12.664123878626816	0.003575528012797662	0.4006474788238946	5.633642417854672
s_184-Orest-3-mid-stem-1.csv	s_184.png	mid	Orest	3	stem	e	t	0.0123711340206185	True	False	mid	mid	4	es	st	est	line_right	top	789215	897911	13.57879532661997	13.707827346936803	0.00761970773106129	0.008669145148666681	0.05653990658627244	0.180896011552705	4.877017265522941	4.747985091820567	118090	11.67921079267701	0.0013353513886320107	0.14962969533016984	6.618560809305811
s_184-Orest-3-mid-stem-2_aux.csv	s_184.png	mid	Orest	3	stem	e	t	0.0123711340206185	True	False	mid	mid	4	es	st	est	line_right	top	789215	897911	13.57879532661997	13.707827346936803	0.00761970773106129	0.008669145148666681	0.05653990658627244	0.180896011552705	4.877017265522941	4.747985091820567	118090	11.67921079267701	0.0013353513886320107	0.14962969533016984	6.618560809305811
s_185-sein-0-ini-stem-1.csv	s_185.png	ini	sein	0	stem	-	e	0.0082474226804123	False	True	ini	ini	2	#s	se	#se	line_right	line	805056	594667	13.598668361347388	13.295758545603935	0.00777264931246527	0.005741386995060945	0.053167636198579	0.11980350892461772	4.857144205863322	5.160054461069925	175181	12.073580712480313	0.0019809314218980803	0.217601011606646	6.224188129786149
s_186-Pylades-6-fin-stem-1.csv	s_186.png	fin	Pylades	6	stem	e	-	0.0103092783505154	True	False	fin	fin	3	es	s#	es#	line_right	middle	789215	1220084	13.57879532661997	14.014431086413596	0.00761970773106129	0.011779658885530791	0.05653990658627244	0.24580201084436043	4.877017265522941	4.441381058263632	316197	12.664123878626816	0.003575528012797662	0.4006474788238946	5.633642417854672
s_187-Insel-2-mid-stem-1.csv	s_187.png	mid	Insel	2	stem	n	e	0.0	False	True	ini	mid	1	ns	se	nse	line_right	line	329428	594667	12.705116131709016	13.295758545603935	0.0031805592625939174	0.005741386995060945	0.0385837703797871	0.11980350892461772	5.75069822891292	5.160054461069925	29905	10.305814408143789	0.000338163123694134	0.09077856162803405	7.991982164422481
s_187-Insel-2-mid-stem-2_aux.csv	s_187.png	mid	Insel	2	stem	n	e	0.0	False	True	ini	mid	1	ns	se	nse	line_right	line	329428	594667	12.705116131709016	13.295758545603935	0.0031805592625939174	0.005741386995060945	0.0385837703797871	0.11980350892461772	5.75069822891292	5.160054461069925	29905	10.305814408143789	0.000338163123694134	0.09077856162803405	7.991982164422481
s_188-Taurus-5-fin-stem-1.csv	s_188.png	fin	Taurus	5	stem	u	-	0.0	True	False	fin	fin	1	us	s#	us#	line_right	middle	355289	1220084	12.78068963638365	14.014431086413596	0.003430241873331139	0.011779658885530791	0.11054222124872086	0.24580201084436043	5.675124503284333	4.441381058263632	106524	11.576134978368113	0.0012045640725094108	0.29982352394810985	6.721637543044818
s_189-Tauris-5-fin-stem-1.csv	s_189.png	fin	Tauris	5	stem	i	-	0.0103092783505154	True	False	fin	fin	5	is	s#	is#	top	middle	589101	1220084	13.286354622513352	14.014431086413596	0.005687648415293598	0.011779658885530791	0.08546248093200515	0.24580201084436043	5.16945840004886	4.441381058263632	67736	11.123387838411437	0.000765952761964416	0.11498198101853502	7.174390058579025
s_189-Tauris-5-fin-stem-2_aux.csv	s_189.png	fin	Tauris	5	stem	i	-	0.0103092783505154	True	False	fin	fin	5	is	s#	is#	top	middle	589101	1220084	13.286354622513352	14.014431086413596	0.005687648415293598	0.011779658885530791	0.08546248093200515	0.24580201084436043	5.16945840004886	4.441381058263632	67736	11.123387838411437	0.000765952761964416	0.11498198101853502	7.174390058579025
s_190-so-0-ini-stem-1.csv	s_190.png	ini	so	0	stem	-	o	0.0144329896907216	False	True	ini	ini	4	#s	so	#so	line_right	middle	805056	201358	13.598668361347388	12.212844663567227	0.00777264931246527	0.0019440698786909007	0.053167636198579	0.04056622437438629	4.857144205863322	6.242971627761273	126005	11.744084803847484	0.0014248535161705185	0.1565170621671039	6.553686266215172
s_191-Iphigenies-9-fin-flex-1.csv	s_191.png	fin	Iphigenies	9	flex	e	-	0.0103092783505154	True	False	fin	na	4	es	s#	es#	line_right	middle	789215	1220084	13.57879532661997	14.014431086413596	0.00761970773106129	0.011779658885530791	0.05653990658627244	0.24580201084436043	4.877017265522941	4.441381058263632	316197	12.664123878626816	0.003575528012797662	0.4006474788238946	5.633642417854672
s_192-Goethes-6-fin-flex-1.csv	s_192.png	fin	Goethes	6	flex	e	-	0.0082474226804123	True	False	fin	na	1	es	s#	es#	line_right	middle	789215	1220084	13.57879532661997	14.014431086413596	0.00761970773106129	0.011779658885530791	0.05653990658627244	0.24580201084436043	4.877017265522941	4.441381058263632	316197	12.664123878626816	0.003575528012797662	0.4006474788238946	5.633642417854672
s_193-sogar-0-ini-stem-1.csv	s_193.png	ini	sogar	0	stem	-	o	0.0123711340206185	False	True	ini	ini	4	#s	so	#so	line_right	middle	805056	201358	13.598668361347388	12.212844663567227	0.00777264931246527	0.0019440698786909007	0.053167636198579	0.04056622437438629	4.857144205863322	6.242971627761273	126005	11.744084803847484	0.0014248535161705185	0.1565170621671039	6.553686266215172
s_194-gesagt-2-mid-stem-1.csv	s_194.png	mid	gesagt	2	stem	e	a	0.0	True	True	ini	ini	1	es	sa	esa	line_right	middle	789215	148190	13.57879532661997	11.906257261255119	0.00761970773106129	0.00143074382603723	0.05653990658627244	0.029854829656831637	4.877017265522941	6.549560811877642	18378	9.818963987465475	0.00020781681615953166	0.023286430186957925	8.478853557840308
s_194-gesagt-2-mid-stem-2_aux.csv	s_194.png	mid	gesagt	2	stem	e	a	0.0	True	True	ini	ini	1	es	sa	esa	line_right	middle	789215	148190	13.57879532661997	11.906257261255119	0.00761970773106129	0.00143074382603723	0.05653990658627244	0.029854829656831637	4.877017265522941	6.549560811877642	18378	9.818963987465475	0.00020781681615953166	0.023286430186957925	8.478853557840308
s_195-es-1-fin-stem-1.csv	s_195.png	fin	es	1	stem	e	-	0.0144329896907216	True	False	fin	fin	4	es	s#	es#	line_right	middle	789215	1220084	13.57879532661997	14.014431086413596	0.00761970773106129	0.011779658885530791	0.05653990658627244	0.24580201084436043	4.877017265522941	4.441381058263632	316197	12.664123878626816	0.003575528012797662	0.4006474788238946	5.633642417854672
s_196-sich-0-ini-stem-1.csv	s_196.png	ini	sich	0	stem	-	i	0.0412371134020618	False	True	ini	ini	8	#s	si	#si	line_right	middle	805056	404512	13.598668361347388	12.910439153406776	0.00777264931246527	0.0039054797662323505	0.053167636198579	0.08149427663232525	4.857144205863322	5.545374643766582	241104	12.392987802237098	0.0027263829384768594	0.2994872406391605	5.904779479243203
s_196-sich-0-ini-stem-2_aux.csv	s_196.png	ini	sich	0	stem	-	i	0.0412371134020618	False	True	ini	ini	8	#s	si	#si	line_right	middle	805056	404512	13.598668361347388	12.910439153406776	0.00777264931246527	0.0039054797662323505	0.053167636198579	0.08149427663232525	4.857144205863322	5.545374643766582	241104	12.392987802237098	0.0027263829384768594	0.2994872406391605	5.904779479243203
s_197-Apolls-5-fin-flex-1.csv	s_197.png	fin	Apolls	5	flex	l	-	0.0041237113402061	False	False	fin	na	1	ls	s#	ls#	line_right	middle	158564	1220084	11.973919882870874	14.014431086413596	0.0015309026522151788	0.011779658885530791	0.0508410721116372	0.24580201084436043	6.481897748772857	4.441381058263632	109912	11.607444422750037	0.0012428752801026469	0.6931712116243284	6.690327809297354
s_198-Schwester-5-mid-stem-1.csv	s_198.png	mid	Schwester	5	stem	e	t	0.0061855670103092	True	False	fin	mid	1	es	st	est	line_right	top	789215	897911	13.57879532661997	13.707827346936803	0.00761970773106129	0.008669145148666681	0.05653990658627244	0.180896011552705	4.877017265522941	4.747985091820567	118090	11.67921079267701	0.0013353513886320107	0.14962969533016984	6.618560809305811
s_199-Orest-3-mid-stem-1.csv	s_199.png	mid	Orest	3	stem	e	t	0.0123711340206185	True	False	mid	mid	5	es	st	est	line_right	top	789215	897911	13.57879532661997	13.707827346936803	0.00761970773106129	0.008669145148666681	0.05653990658627244	0.180896011552705	4.877017265522941	4.747985091820567	118090	11.67921079267701	0.0013353513886320107	0.14962969533016984	6.618560809305811
s_199-Orest-3-mid-stem-2_aux.csv	s_199.png	mid	Orest	3	stem	e	t	0.0123711340206185	True	False	mid	mid	5	es	st	est	line_right	top	789215	897911	13.57879532661997	13.707827346936803	0.00761970773106129	0.008669145148666681	0.05653990658627244	0.180896011552705	4.877017265522941	4.747985091820567	118090	11.67921079267701	0.0013353513886320107	0.14962969533016984	6.618560809305811
s_199-Orest-3-mid-stem-3_aux.csv	s_199.png	mid	Orest	3	stem	e	t	0.0123711340206185	True	False	mid	mid	5	es	st	est	line_right	top	789215	897911	13.57879532661997	13.707827346936803	0.00761970773106129	0.008669145148666681	0.05653990658627244	0.180896011552705	4.877017265522941	4.747985091820567	118090	11.67921079267701	0.0013353513886320107	0.14962969533016984	6.618560809305811
s_200-Pylades-6-fin-stem-1.csv	s_200.png	fin	Pylades	6	stem	e	-	0.0103092783505154	True	False	fin	fin	4	es	s#	es#	line_right	middle	789215	1220084	13.57879532661997	14.014431086413596	0.00761970773106129	0.011779658885530791	0.05653990658627244	0.24580201084436043	4.877017265522941	4.441381058263632	316197	12.664123878626816	0.003575528012797662	0.4006474788238946	5.633642417854672
s_201-zunächst-6-mid-stem-1.csv	s_201.png	mid	zunächst	6	stem	h	t	0.0	False	False	mid	ini	1	hs	st	hst	line_right	top	61655	897911	11.029325827457829	13.707827346936803	0.0005952662837865269	0.008669145148666681	0.017645232238501837	0.180896011552705	7.426501716757236	4.747985091820567	24464	10.104998803723223	0.0002766367717121984	0.3967885816235504	8.192805205732295
s_201-zunächst-6-mid-stem-2_aux.csv	s_201.png	mid	zunächst	6	stem	h	t	0.0	False	False	mid	ini	1	hs	st	hst	line_right	top	61655	897911	11.029325827457829	13.707827346936803	0.0005952662837865269	0.008669145148666681	0.017645232238501837	0.180896011552705	7.426501716757236	4.747985091820567	24464	10.104998803723223	0.0002766367717121984	0.3967885816235504	8.192805205732295
s_202-aus-2-fin-stem-1.csv	s_202.png	fin	aus	2	stem	u	-	0.0144329896907216	True	False	fin	fin	4	us	s#	us#	line_right	middle	355289	1220084	12.78068963638365	14.014431086413596	0.003430241873331139	0.011779658885530791	0.11054222124872086	0.24580201084436043	5.675124503284333	4.441381058263632	106524	11.576134978368113	0.0012045640725094108	0.29982352394810985	6.721637543044818
s_203-es-1-fin-stem-1.csv	s_203.png	fin	es	1	stem	e	-	0.0144329896907216	True	False	fin	fin	5	es	s#	es#	line_right	middle	789215	1220084	13.57879532661997	14.014431086413596	0.00761970773106129	0.011779658885530791	0.05653990658627244	0.24580201084436043	4.877017265522941	4.441381058263632	316197	12.664123878626816	0.003575528012797662	0.4006474788238946	5.633642417854672
s_203-es-1-fin-stem-2_aux.csv	s_203.png	fin	es	1	stem	e	-	0.0144329896907216	True	False	fin	fin	5	es	s#	es#	line_right	middle	789215	1220084	13.57879532661997	14.014431086413596	0.00761970773106129	0.011779658885530791	0.05653990658627244	0.24580201084436043	4.877017265522941	4.441381058263632	316197	12.664123878626816	0.003575528012797662	0.4006474788238946	5.633642417854672
s_203-es-1-fin-stem-3_aux.csv	s_203.png	fin	es	1	stem	e	-	0.0144329896907216	True	False	fin	fin	5	es	s#	es#	line_right	middle	789215	1220084	13.57879532661997	14.014431086413596	0.00761970773106129	0.011779658885530791	0.05653990658627244	0.24580201084436043	4.877017265522941	4.441381058263632	316197	12.664123878626816	0.003575528012797662	0.4006474788238946	5.633642417854672
s_204-sich-0-ini-stem-1.csv	s_204.png	ini	sich	0	stem	-	i	0.0412371134020618	False	True	ini	ini	9	#s	si	#si	line_right	middle	805056	404512	13.598668361347388	12.910439153406776	0.00777264931246527	0.0039054797662323505	0.053167636198579	0.08149427663232525	4.857144205863322	5.545374643766582	241104	12.392987802237098	0.0027263829384768594	0.2994872406391605	5.904779479243203
s_205-Apolls-5-fin-flex-1.csv	s_205.png	fin	Apolls	5	flex	l	-	0.0041237113402061	False	False	fin	na	2	ls	s#	ls#	line_right	middle	158564	1220084	11.973919882870874	14.014431086413596	0.0015309026522151788	0.011779658885530791	0.0508410721116372	0.24580201084436043	6.481897748772857	4.441381058263632	109912	11.607444422750037	0.0012428752801026469	0.6931712116243284	6.690327809297354
s_205-Apolls-5-fin-flex-2_aux.csv	s_205.png	fin	Apolls	5	flex	l	-	0.0041237113402061	False	False	fin	na	2	ls	s#	ls#	line_right	middle	158564	1220084	11.973919882870874	14.014431086413596	0.0015309026522151788	0.011779658885530791	0.0508410721116372	0.24580201084436043	6.481897748772857	4.441381058263632	109912	11.607444422750037	0.0012428752801026469	0.6931712116243284	6.690327809297354
s_206-Schwester-5-mid-stem-1.csv	s_206.png	mid	Schwester	5	stem	e	t	0.0061855670103092	True	False	fin	mid	2	es	st	est	line_right	top	789215	897911	13.57879532661997	13.707827346936803	0.00761970773106129	0.008669145148666681	0.05653990658627244	0.180896011552705	4.877017265522941	4.747985091820567	118090	11.67921079267701	0.0013353513886320107	0.14962969533016984	6.618560809305811
s_206-Schwester-5-mid-stem-2_aux.csv	s_206.png	mid	Schwester	5	stem	e	t	0.0061855670103092	True	False	fin	mid	2	es	st	est	line_right	top	789215	897911	13.57879532661997	13.707827346936803	0.00761970773106129	0.008669145148666681	0.05653990658627244	0.180896011552705	4.877017265522941	4.747985091820567	118090	11.67921079267701	0.0013353513886320107	0.14962969533016984	6.618560809305811
s_206-Schwester-5-mid-stem-3_aux.csv	s_206.png	mid	Schwester	5	stem	e	t	0.0061855670103092	True	False	fin	mid	2	es	st	est	line_right	top	789215	897911	13.57879532661997	13.707827346936803	0.00761970773106129	0.008669145148666681	0.05653990658627244	0.180896011552705	4.877017265522941	4.747985091820567	118090	11.67921079267701	0.0013353513886320107	0.14962969533016984	6.618560809305811
s_206-Schwester-5-mid-stem-4_aux.csv	s_206.png	mid	Schwester	5	stem	e	t	0.0061855670103092	True	False	fin	mid	2	es	st	est	line_right	top	789215	897911	13.57879532661997	13.707827346936803	0.00761970773106129	0.008669145148666681	0.05653990658627244	0.180896011552705	4.877017265522941	4.747985091820567	118090	11.67921079267701	0.0013353513886320107	0.14962969533016984	6.618560809305811
s_207-als-2-fin-stem-1.csv	s_207.png	fin	als	2	stem	l	-	0.0144329896907216	False	False	fin	fin	5	ls	s#	ls#	line_right	middle	158564	1220084	11.973919882870874	14.014431086413596	0.0015309026522151788	0.011779658885530791	0.0508410721116372	0.24580201084436043	6.481897748772857	4.441381058263632	109912	11.607444422750037	0.0012428752801026469	0.6931712116243284	6.690327809297354
s_208-steht-0-ini-stem-1.csv	s_208.png	ini	steht	0	stem	-	t	0.0	False	False	ini	ini	1	#s	st	#st	line_right	top	805056	897911	13.598668361347388	13.707827346936803	0.00777264931246527	0.008669145148666681	0.053167636198579	0.180896011552705	4.857144205863322	4.747985091820567	90506	11.413182474763108	0.0010234339298799964	0.11242199300421338	6.884591708068217
s_208-steht-0-ini-stem-2_aux.csv	s_208.png	ini	steht	0	stem	-	t	0.0	False	False	ini	ini	1	#s	st	#st	line_right	top	805056	897911	13.598668361347388	13.707827346936803	0.00777264931246527	0.008669145148666681	0.053167636198579	0.180896011552705	4.857144205863322	4.747985091820567	90506	11.413182474763108	0.0010234339298799964	0.11242199300421338	6.884591708068217
s_208-steht-0-ini-stem-3_aux.csv	s_208.png	ini	steht	0	stem	-	t	0.0	False	False	ini	ini	1	#s	st	#st	line_right	top	805056	897911	13.598668361347388	13.707827346936803	0.00777264931246527	0.008669145148666681	0.053167636198579	0.180896011552705	4.857144205863322	4.747985091820567	90506	11.413182474763108	0.0010234339298799964	0.11242199300421338	6.884591708068217
s_209-stellen-0-ini-stem-1.csv	s_209.png	ini	stellen	0	stem	-	t	0.0	False	False	ini	ini	1	#s	st	#st	line_right	top	805056	897911	13.598668361347388	13.707827346936803	0.00777264931246527	0.008669145148666681	0.053167636198579	0.180896011552705	4.857144205863322	4.747985091820567	90506	11.413182474763108	0.0010234339298799964	0.11242199300421338	6.884591708068217
s_209-stellen-0-ini-stem-2_aux.csv	s_209.png	ini	stellen	0	stem	-	t	0.0	False	False	ini	ini	1	#s	st	#st	line_right	top	805056	897911	13.598668361347388	13.707827346936803	0.00777264931246527	0.008669145148666681	0.053167636198579	0.180896011552705	4.857144205863322	4.747985091820567	90506	11.413182474763108	0.0010234339298799964	0.11242199300421338	6.884591708068217
s_210-fest-2-mid-stem-1.csv	s_210.png	mid	fest	2	stem	e	t	0.0041237113402061	True	False	mid	mid	1	es	st	est	line_right	top	789215	897911	13.57879532661997	13.707827346936803	0.00761970773106129	0.008669145148666681	0.05653990658627244	0.180896011552705	4.877017265522941	4.747985091820567	118090	11.67921079267701	0.0013353513886320107	0.14962969533016984	6.618560809305811
s_210-fest-2-mid-stem-2_aux.csv	s_210.png	mid	fest	2	stem	e	t	0.0041237113402061	True	False	mid	mid	1	es	st	est	line_right	top	789215	897911	13.57879532661997	13.707827346936803	0.00761970773106129	0.008669145148666681	0.05653990658627244	0.180896011552705	4.877017265522941	4.747985091820567	118090	11.67921079267701	0.0013353513886320107	0.14962969533016984	6.618560809305811
s_211-Orests-3-mid-stem-1.csv	s_211.png	mid	Orests	3	stem	e	t	0.0	True	False	mid	mid	1	es	st	est	line_right	top	789215	897911	13.57879532661997	13.707827346936803	0.00761970773106129	0.008669145148666681	0.05653990658627244	0.180896011552705	4.877017265522941	4.747985091820567	118090	11.67921079267701	0.0013353513886320107	0.14962969533016984	6.618560809305811
s_212-Orests-5-fin-flex-1.csv	s_212.png	fin	Orests	5	flex	t	-	0.0	False	False	fin	na	1	ts	s#	ts#	top	middle	227116	1220084	12.33322058218325	14.014431086413596	0.002192758045713419	0.011779658885530791	0.04172617724384119	0.24580201084436043	6.122595145905257	4.441381058263632	52736	10.873072575468	0.0005963340742729928	0.2321985241022209	7.424709520631994
s_212-Orests-5-fin-flex-2_aux.csv	s_212.png	fin	Orests	5	flex	t	-	0.0	False	False	fin	na	1	ts	s#	ts#	top	middle	227116	1220084	12.33322058218325	14.014431086413596	0.002192758045713419	0.011779658885530791	0.04172617724384119	0.24580201084436043	6.122595145905257	4.441381058263632	52736	10.873072575468	0.0005963340742729928	0.2321985241022209	7.424709520631994
s_213-Schwester-5-mid-stem-1.csv	s_213.png	mid	Schwester	5	stem	e	t	0.0061855670103092	True	False	fin	mid	3	es	st	est	line_right	top	789215	897911	13.57879532661997	13.707827346936803	0.00761970773106129	0.008669145148666681	0.05653990658627244	0.180896011552705	4.877017265522941	4.747985091820567	118090	11.67921079267701	0.0013353513886320107	0.14962969533016984	6.618560809305811
s_213-Schwester-5-mid-stem-2_aux.csv	s_213.png	mid	Schwester	5	stem	e	t	0.0061855670103092	True	False	fin	mid	3	es	st	est	line_right	top	789215	897911	13.57879532661997	13.707827346936803	0.00761970773106129	0.008669145148666681	0.05653990658627244	0.180896011552705	4.877017265522941	4.747985091820567	118090	11.67921079267701	0.0013353513886320107	0.14962969533016984	6.618560809305811
s_213-Schwester-5-mid-stem-3_aux.csv	s_213.png	mid	Schwester	5	stem	e	t	0.0061855670103092	True	False	fin	mid	3	es	st	est	line_right	top	789215	897911	13.57879532661997	13.707827346936803	0.00761970773106129	0.008669145148666681	0.05653990658627244	0.180896011552705	4.877017265522941	4.747985091820567	118090	11.67921079267701	0.0013353513886320107	0.14962969533016984	6.618560809305811
s_213-Schwester-5-mid-stem-4_aux.csv	s_213.png	mid	Schwester	5	stem	e	t	0.0061855670103092	True	False	fin	mid	3	es	st	est	line_right	top	789215	897911	13.57879532661997	13.707827346936803	0.00761970773106129	0.008669145148666681	0.05653990658627244	0.180896011552705	4.877017265522941	4.747985091820567	118090	11.67921079267701	0.0013353513886320107	0.14962969533016984	6.618560809305811
s_214-Das-2-fin-flex-1.csv	s_214.png	fin	Das	2	flex	a	-	0.0	True	False	fin	fin	1	as	s#	as#	line_right	middle	442135	1220084	12.999372806039958	14.014431086413596	0.004268722056312645	0.011779658885530791	0.09103041525813346	0.24580201084436043	5.456440780771983	4.441381058263632	237316	12.377152079133063	0.0026835485658785185	0.5367500876429145	5.920615268550091
s_215-wichtigste-7-mid-flex-1.csv	s_215.png	mid	wichtigste	7	flex	g	t	0.0	False	False	fin	ini	1	gs	st	gst	line_right	top	112622	897911	11.631801236706348	13.707827346936803	0.001087342136284263	0.008669145148666681	0.04731406495044547	0.180896011552705	6.824018967575922	4.747985091820567	16453	9.708323887728875	0.00018604908457246568	0.14609046189909608	8.589500023514487
s_216-ist-1-mid-stem-1.csv	s_216.png	mid	ist	1	stem	i	t	0.045360824742268	True	False	mid	mid	10	is	st	ist	top	top	589101	897911	13.286354622513352	13.707827346936803	0.005687648415293598	0.008669145148666681	0.08546248093200515	0.180896011552705	5.16945840004886	4.747985091820567	218974	12.296712847031289	0.0024761388345694467	0.37170875622346594	6.001054853611638
s_217-das-2-fin-flex-1.csv	s_217.png	fin	das	2	flex	a	-	0.0288659793814433	True	False	fin	fin	4	as	s#	as#	line_right	middle	442135	1220084	12.999372806039958	14.014431086413596	0.004268722056312645	0.011779658885530791	0.09103041525813346	0.24580201084436043	5.456440780771983	4.441381058263632	237316	12.377152079133063	0.0026835485658785185	0.5367500876429145	5.920615268550091
s_218-wessen-2-mid-stem-1.csv	s_218.png	mid	wessen	2	stem	e	s	0.0	True	False	fin	mid	1	es	ss	ess	line_right	middle	789215	370866	13.57879532661997	12.82359878675043	0.00761970773106129	0.003580634589291608	0.05653990658627244	0.07471584624813092	4.877017265522941	5.63221523469949	55206	10.918845035819478	0.0006242646181795138	0.06995052045386872	7.378936211890722
s_219-wessen-3-mid-stem-1.csv	s_219.png	mid	wessen	3	stem	s	e	0.0	False	True	ini	mid	1	ss	se	sse	line_left	line	370866	594667	12.82359878675043	13.295758545603935	0.003580634589291608	0.005741386995060945	0.07471584624813092	0.11980350892461772	5.63221523469949	5.160054461069925	133233	11.7998622597716	0.001506587107812759	0.35924835385287407	6.49790837974937
s_219-wessen-3-mid-stem-2_aux.csv	s_219.png	mid	wessen	3	stem	s	e	0.0	False	True	ini	mid	1	ss	se	sse	line_left	line	370866	594667	12.82359878675043	13.295758545603935	0.003580634589291608	0.005741386995060945	0.07471584624813092	0.11980350892461772	5.63221523469949	5.160054461069925	133233	11.7998622597716	0.001506587107812759	0.35924835385287407	6.49790837974937
s_219-wessen-3-mid-stem-3_aux.csv	s_219.png	mid	wessen	3	stem	s	e	0.0	False	True	ini	mid	1	ss	se	sse	line_left	line	370866	594667	12.82359878675043	13.295758545603935	0.003580634589291608	0.005741386995060945	0.07471584624813092	0.11980350892461772	5.63221523469949	5.160054461069925	133233	11.7998622597716	0.001506587107812759	0.35924835385287407	6.49790837974937
s_219-wessen-3-mid-stem-4_aux.csv	s_219.png	mid	wessen	3	stem	s	e	0.0	False	True	ini	mid	1	ss	se	sse	line_left	line	370866	594667	12.82359878675043	13.295758545603935	0.003580634589291608	0.005741386995060945	0.07471584624813092	0.11980350892461772	5.63221523469949	5.160054461069925	133233	11.7998622597716	0.001506587107812759	0.35924835385287407	6.49790837974937
s_220-so-0-ini-stem-1.csv	s_220.png	ini	so	0	stem	-	o	0.0144329896907216	False	True	ini	ini	5	#s	so	#so	line_right	middle	805056	201358	13.598668361347388	12.212844663567227	0.00777264931246527	0.0019440698786909007	0.053167636198579	0.04056622437438629	4.857144205863322	6.242971627761273	126005	11.744084803847484	0.0014248535161705185	0.1565170621671039	6.553686266215172
s_221-diese-3-mid-stem-1.csv	s_221.png	mid	diese	3	stem	e	e	0.0144329896907216	True	True	ini	fin	3	es	se	ese	line_right	line	789215	594667	13.57879532661997	13.295758545603935	0.00761970773106129	0.005741386995060945	0.05653990658627244	0.11980350892461772	4.877017265522941	5.160054461069925	107367	11.584017465077642	0.0012140966427576687	0.13604277668315984	6.713754982628885
s_222-undramatische-9-mid-der-1.csv	s_222.png	mid	undramatische	9	der	i	c	0.0	True	False	ini	mid	1	is	sc	isc	top	middle	589101	553042	13.286354622513352	13.223191035166852	0.005687648415293598	0.005339506222007435	0.08546248093200515	0.11141760377268022	5.16945840004886	5.232622098074313	143030	11.870816668964741	0.0016173707267002836	0.24279368054034878	6.426953456452193
s_223-diese-3-mid-stem-1_aux.csv	s_223.png	mid	diese	3	stem	e	e	0.0144329896907216	True	True	ini	fin	4	es	se	ese	line_right	line	789215	594667	13.57879532661997	13.295758545603935	0.00761970773106129	0.005741386995060945	0.05653990658627244	0.11980350892461772	4.877017265522941	5.160054461069925	107367	11.584017465077642	0.0012140966427576687	0.13604277668315984	6.713754982628885
s_223-diese-3-mid-stem-2.csv	s_223.png	mid	diese	3	stem	e	e	0.0144329896907216	True	True	ini	fin	4	es	se	ese	line_right	line	789215	594667	13.57879532661997	13.295758545603935	0.00761970773106129	0.005741386995060945	0.05653990658627244	0.11980350892461772	4.877017265522941	5.160054461069925	107367	11.584017465077642	0.0012140966427576687	0.13604277668315984	6.713754982628885
s_223-diese-3-mid-stem-3_aux.csv	s_223.png	mid	diese	3	stem	e	e	0.0144329896907216	True	True	ini	fin	4	es	se	ese	line_right	line	789215	594667	13.57879532661997	13.295758545603935	0.00761970773106129	0.005741386995060945	0.05653990658627244	0.11980350892461772	4.877017265522941	5.160054461069925	107367	11.584017465077642	0.0012140966427576687	0.13604277668315984	6.713754982628885
s_223-diese-3-mid-stem-4_aux.csv	s_223.png	mid	diese	3	stem	e	e	0.0144329896907216	True	True	ini	fin	4	es	se	ese	line_right	line	789215	594667	13.57879532661997	13.295758545603935	0.00761970773106129	0.005741386995060945	0.05653990658627244	0.11980350892461772	4.877017265522941	5.160054461069925	107367	11.584017465077642	0.0012140966427576687	0.13604277668315984	6.713754982628885
s_224-Orest-3-mid-stem-1.csv	s_224.png	mid	Orest	3	stem	e	t	0.0123711340206185	True	False	mid	mid	6	es	st	est	line_right	top	789215	897911	13.57879532661997	13.707827346936803	0.00761970773106129	0.008669145148666681	0.05653990658627244	0.180896011552705	4.877017265522941	4.747985091820567	118090	11.67921079267701	0.0013353513886320107	0.14962969533016984	6.618560809305811
s_226-sich-0-ini-stem-1_aux.csv	s_226.png	ini	sich	0	stem	-	i	0.0412371134020618	False	True	ini	ini	10	#s	si	#si	line_right	middle	805056	404512	13.598668361347388	12.910439153406776	0.00777264931246527	0.0039054797662323505	0.053167636198579	0.08149427663232525	4.857144205863322	5.545374643766582	241104	12.392987802237098	0.0027263829384768594	0.2994872406391605	5.904779479243203
s_226-sich-0-ini-stem-2.csv	s_226.png	ini	sich	0	stem	-	i	0.0412371134020618	False	True	ini	ini	10	#s	si	#si	line_right	middle	805056	404512	13.598668361347388	12.910439153406776	0.00777264931246527	0.0039054797662323505	0.053167636198579	0.08149427663232525	4.857144205863322	5.545374643766582	241104	12.392987802237098	0.0027263829384768594	0.2994872406391605	5.904779479243203
s_227-sich-0-ini-stem-1.csv	s_227.png	ini	sich	0	stem	-	i	0.0412371134020618	False	True	ini	ini	11	#s	si	#si	line_right	middle	805056	404512	13.598668361347388	12.910439153406776	0.00777264931246527	0.0039054797662323505	0.053167636198579	0.08149427663232525	4.857144205863322	5.545374643766582	241104	12.392987802237098	0.0027263829384768594	0.2994872406391605	5.904779479243203
s_228-Enstehungszeit-2-mid-stem-1.csv	s_228.png	mid	Enstehungszeit	2	stem	n	t	0.0	False	False	ini	ini	1	ns	st	nst	line_right	top	329428	897911	12.705116131709016	13.707827346936803	0.0031805592625939174	0.008669145148666681	0.0385837703797871	0.180896011552705	5.75069822891292	4.747985091820567	76712	11.247826464518706	0.0008674525846789637	0.23286423740544215	7.049949705067621
s_228-Enstehungszeit-2-mid-stem-2_aux.csv	s_228.png	mid	Enstehungszeit	2	stem	n	t	0.0	False	False	ini	ini	1	ns	st	nst	line_right	top	329428	897911	12.705116131709016	13.707827346936803	0.0031805592625939174	0.008669145148666681	0.0385837703797871	0.180896011552705	5.75069822891292	4.747985091820567	76712	11.247826464518706	0.0008674525846789637	0.23286423740544215	7.049949705067621
s_229-Enstehungszeit-9-mid-infix-1.csv	s_229.png	mid	Enstehungszeit	9	infix	g	z	0.0	False	False	fin	na	1	gs	sz	gsz	line_right	middle	112622	16653	11.631801236706348	9.720405706795765	0.001087342136284263	0.00016078127360144405	0.04731406495044547	0.0033549664503354968	6.824018967575922	8.735465665703595	2292	7.737616282857904	2.591773547924946e-05	0.020351263518673085	10.560583056066507
s_230-Einstellung-3-mid-stem-1.csv	s_230.png	mid	Einstellung	3	stem	n	t	0.0061855670103092	False	False	ini	ini	2	ns	st	nst	line_right	top	329428	897911	12.705116131709016	13.707827346936803	0.0031805592625939174	0.008669145148666681	0.0385837703797871	0.180896011552705	5.75069822891292	4.747985091820567	76712	11.247826464518706	0.0008674525846789637	0.23286423740544215	7.049949705067621
s_231-Goethes-6-fin-flex-1.csv	s_231.png	fin	Goethes	6	flex	e	-	0.0082474226804123	True	False	fin	na	2	es	s#	es#	line_right	middle	789215	1220084	13.57879532661997	14.014431086413596	0.00761970773106129	0.011779658885530791	0.05653990658627244	0.24580201084436043	4.877017265522941	4.441381058263632	316197	12.664123878626816	0.003575528012797662	0.4006474788238946	5.633642417854672
s_231-Goethes-6-fin-flex-2_aux.csv	s_231.png	fin	Goethes	6	flex	e	-	0.0082474226804123	True	False	fin	na	2	es	s#	es#	line_right	middle	789215	1220084	13.57879532661997	14.014431086413596	0.00761970773106129	0.011779658885530791	0.05653990658627244	0.24580201084436043	4.877017265522941	4.441381058263632	316197	12.664123878626816	0.003575528012797662	0.4006474788238946	5.633642417854672
s_232-beschäftigt-2-mid-stem-1.csv	s_232.png	mid	beschäftigt	2	stem	e	c	0.0	True	False	ini	ini	1	es	sc	esc	line_right	middle	789215	553042	13.57879532661997	13.223191035166852	0.00761970773106129	0.005339506222007435	0.05653990658627244	0.11141760377268022	4.877017265522941	5.232622098074313	59697	10.997053797982007	0.000675048453274326	0.07564098502942798	7.300726087039362
s_232-beschäftigt-2-mid-stem-2_aux.csv	s_232.png	mid	beschäftigt	2	stem	e	c	0.0	True	False	ini	ini	1	es	sc	esc	line_right	middle	789215	553042	13.57879532661997	13.223191035166852	0.00761970773106129	0.005339506222007435	0.05653990658627244	0.11141760377268022	4.877017265522941	5.232622098074313	59697	10.997053797982007	0.000675048453274326	0.07564098502942798	7.300726087039362
s_233-gemeinsam-6-mid-der-1.csv	s_233.png	mid	gemeinsam	6	der	n	a	0.0	False	True	ini	ini	1	ns	sa	nsa	line_right	middle	329428	148190	12.705116131709016	11.906257261255119	0.0031805592625939174	0.00143074382603723	0.0385837703797871	0.029854829656831637	5.75069822891292	6.549560811877642	22780	10.033682134193954	0.00025759424704070797	0.06915016331337956	8.264124896899965
s_234-Klassik-3-mid-stem-1.csv	s_234.png	mid	Klassik	3	stem	a	s	0.0103092783505154	True	False	fin	mid	1	as	ss	ass	line_right	middle	442135	370866	12.999372806039958	12.82359878675043	0.004268722056312645	0.003580634589291608	0.09103041525813346	0.07471584624813092	5.456440780771983	5.63221523469949	130273	11.777395203678102	0.0014731156867749846	0.2946453006434686	6.520375606381273
s_235-Klassik-4-mid-stem-1.csv	s_235.png	mid	Klassik	4	stem	s	i	0.0103092783505154	False	True	ini	mid	1	ss	si	ssi	line_left	middle	370866	404512	12.82359878675043	12.910439153406776	0.003580634589291608	0.0039054797662323505	0.07471584624813092	0.08149427663232525	5.63221523469949	5.545374643766582	38348	10.55448373083613	0.0004336358290393797	0.10340122847605335	7.743305479704251
s_235-Klassik-4-mid-stem-2_aux.csv	s_235.png	mid	Klassik	4	stem	s	i	0.0103092783505154	False	True	ini	mid	1	ss	si	ssi	line_left	middle	370866	404512	12.82359878675043	12.910439153406776	0.003580634589291608	0.0039054797662323505	0.07471584624813092	0.08149427663232525	5.63221523469949	5.545374643766582	38348	10.55448373083613	0.0004336358290393797	0.10340122847605335	7.743305479704251
s_236-das-2-fin-flex-1.csv	s_236.png	fin	das	2	flex	a	-	0.0288659793814433	True	False	fin	fin	5	as	s#	as#	line_right	middle	442135	1220084	12.999372806039958	14.014431086413596	0.004268722056312645	0.011779658885530791	0.09103041525813346	0.24580201084436043	5.456440780771983	4.441381058263632	237316	12.377152079133063	0.0026835485658785185	0.5367500876429145	5.920615268550091
s_237-Klassik-3-mid-stem-1.csv	s_237.png	mid	Klassik	3	stem	a	s	0.0103092783505154	True	False	fin	mid	2	as	ss	ass	line_right	middle	442135	370866	12.999372806039958	12.82359878675043	0.004268722056312645	0.003580634589291608	0.09103041525813346	0.07471584624813092	5.456440780771983	5.63221523469949	130273	11.777395203678102	0.0014731156867749846	0.2946453006434686	6.520375606381273
s_237-Klassik-3-mid-stem-2_aux.csv	s_237.png	mid	Klassik	3	stem	a	s	0.0103092783505154	True	False	fin	mid	2	as	ss	ass	line_right	middle	442135	370866	12.999372806039958	12.82359878675043	0.004268722056312645	0.003580634589291608	0.09103041525813346	0.07471584624813092	5.456440780771983	5.63221523469949	130273	11.777395203678102	0.0014731156867749846	0.2946453006434686	6.520375606381273
s_238-Klassik-4-mid-stem-1.csv	s_238.png	mid	Klassik	4	stem	s	i	0.0103092783505154	False	True	ini	mid	1	ss	si	ssi	line_left	middle	370866	404512	12.82359878675043	12.910439153406776	0.003580634589291608	0.0039054797662323505	0.07471584624813092	0.08149427663232525	5.63221523469949	5.545374643766582	38348	10.55448373083613	0.0004336358290393797	0.10340122847605335	7.743305479704251
s_238-Klassik-4-mid-stem-2_aux.csv	s_238.png	mid	Klassik	4	stem	s	i	0.0103092783505154	False	True	ini	mid	1	ss	si	ssi	line_left	middle	370866	404512	12.82359878675043	12.910439153406776	0.003580634589291608	0.0039054797662323505	0.07471584624813092	0.08149427663232525	5.63221523469949	5.545374643766582	38348	10.55448373083613	0.0004336358290393797	0.10340122847605335	7.743305479704251
s_238-Klassik-4-mid-stem-3_aux.csv	s_238.png	mid	Klassik	4	stem	s	i	0.0103092783505154	False	True	ini	mid	1	ss	si	ssi	line_left	middle	370866	404512	12.82359878675043	12.910439153406776	0.003580634589291608	0.0039054797662323505	0.07471584624813092	0.08149427663232525	5.63221523469949	5.545374643766582	38348	10.55448373083613	0.0004336358290393797	0.10340122847605335	7.743305479704251
s_238-Klassik-4-mid-stem-4_aux.csv	s_238.png	mid	Klassik	4	stem	s	i	0.0103092783505154	False	True	ini	mid	1	ss	si	ssi	line_left	middle	370866	404512	12.82359878675043	12.910439153406776	0.003580634589291608	0.0039054797662323505	0.07471584624813092	0.08149427663232525	5.63221523469949	5.545374643766582	38348	10.55448373083613	0.0004336358290393797	0.10340122847605335	7.743305479704251
s_239-Humanitätsgedanken-9-mid-infix-1.csv	s_239.png	mid	Humanitätsgedanken	9	infix	t	g	0.0061855670103092	False	False	fin	na	2	ts	sg	tsg	top	middle	227116	44867	12.33322058218325	10.711480124765114	0.002192758045713419	0.0004331816130832877	0.04172617724384119	0.009039048803651157	6.122595145905257	7.744353488144304	3607	8.190908881182514	4.078764043353089e-05	0.015881752056217967	10.1071314529976
s_239-Humanitätsgedanken-9-mid-infix-2_aux.csv	s_239.png	mid	Humanitätsgedanken	9	infix	t	g	0.0061855670103092	False	False	fin	na	2	ts	sg	tsg	top	middle	227116	44867	12.33322058218325	10.711480124765114	0.002192758045713419	0.0004331816130832877	0.04172617724384119	0.009039048803651157	6.122595145905257	7.744353488144304	3607	8.190908881182514	4.078764043353089e-05	0.015881752056217967	10.1071314529976
s_240-Dieser-3-mid-stem-1.csv	s_240.png	mid	Dieser	3	stem	e	e	0.0	True	True	ini	fin	1	es	se	ese	line_right	line	789215	594667	13.57879532661997	13.295758545603935	0.00761970773106129	0.005741386995060945	0.05653990658627244	0.11980350892461772	4.877017265522941	5.160054461069925	107367	11.584017465077642	0.0012140966427576687	0.13604277668315984	6.713754982628885
s_241-stützte-0-ini-stem-1.csv	s_241.png	ini	stützte	0	stem	-	t	0.0	False	False	ini	ini	1	#s	st	#st	line_right	top	805056	897911	13.598668361347388	13.707827346936803	0.00777264931246527	0.008669145148666681	0.053167636198579	0.180896011552705	4.857144205863322	4.747985091820567	90506	11.413182474763108	0.0010234339298799964	0.11242199300421338	6.884591708068217
s_242-sich-0-ini-stem-1.csv	s_242.png	ini	sich	0	stem	-	i	0.0412371134020618	False	True	ini	ini	12	#s	si	#si	line_right	middle	805056	404512	13.598668361347388	12.910439153406776	0.00777264931246527	0.0039054797662323505	0.053167636198579	0.08149427663232525	4.857144205863322	5.545374643766582	241104	12.392987802237098	0.0027263829384768594	0.2994872406391605	5.904779479243203
s_242-sich-0-ini-stem-2_aux.csv	s_242.png	ini	sich	0	stem	-	i	0.0412371134020618	False	True	ini	ini	12	#s	si	#si	line_right	middle	805056	404512	13.598668361347388	12.910439153406776	0.00777264931246527	0.0039054797662323505	0.053167636198579	0.08149427663232525	4.857144205863322	5.545374643766582	241104	12.392987802237098	0.0027263829384768594	0.2994872406391605	5.904779479243203
s_243-das-2-fin-flex-1_aux.csv	s_243.png	fin	das	2	flex	a	-	0.0288659793814433	True	False	fin	fin	6	as	s#	as#	line_right	middle	442135	1220084	12.999372806039958	14.014431086413596	0.004268722056312645	0.011779658885530791	0.09103041525813346	0.24580201084436043	5.456440780771983	4.441381058263632	237316	12.377152079133063	0.0026835485658785185	0.5367500876429145	5.920615268550091
s_243-das-2-fin-flex-2_aux.csv	s_243.png	fin	das	2	flex	a	-	0.0288659793814433	True	False	fin	fin	6	as	s#	as#	line_right	middle	442135	1220084	12.999372806039958	14.014431086413596	0.004268722056312645	0.011779658885530791	0.09103041525813346	0.24580201084436043	5.456440780771983	4.441381058263632	237316	12.377152079133063	0.0026835485658785185	0.5367500876429145	5.920615268550091
s_243-das-2-fin-flex-3.csv	s_243.png	fin	das	2	flex	a	-	0.0288659793814433	True	False	fin	fin	6	as	s#	as#	line_right	middle	442135	1220084	12.999372806039958	14.014431086413596	0.004268722056312645	0.011779658885530791	0.09103041525813346	0.24580201084436043	5.456440780771983	4.441381058263632	237316	12.377152079133063	0.0026835485658785185	0.5367500876429145	5.920615268550091
s_243-das-2-fin-flex-4_aux.csv	s_243.png	fin	das	2	flex	a	-	0.0288659793814433	True	False	fin	fin	6	as	s#	as#	line_right	middle	442135	1220084	12.999372806039958	14.014431086413596	0.004268722056312645	0.011779658885530791	0.09103041525813346	0.24580201084436043	5.456440780771983	4.441381058263632	237316	12.377152079133063	0.0026835485658785185	0.5367500876429145	5.920615268550091
s_243-das-2-fin-flex-5_aux.csv	s_243.png	fin	das	2	flex	a	-	0.0288659793814433	True	False	fin	fin	6	as	s#	as#	line_right	middle	442135	1220084	12.999372806039958	14.014431086413596	0.004268722056312645	0.011779658885530791	0.09103041525813346	0.24580201084436043	5.456440780771983	4.441381058263632	237316	12.377152079133063	0.0026835485658785185	0.5367500876429145	5.920615268550091
s_243-das-2-fin-flex-6_aux.csv	s_243.png	fin	das	2	flex	a	-	0.0288659793814433	True	False	fin	fin	6	as	s#	as#	line_right	middle	442135	1220084	12.999372806039958	14.014431086413596	0.004268722056312645	0.011779658885530791	0.09103041525813346	0.24580201084436043	5.456440780771983	4.441381058263632	237316	12.377152079133063	0.0026835485658785185	0.5367500876429145	5.920615268550091
s_243-das-2-fin-flex-7_aux.csv	s_243.png	fin	das	2	flex	a	-	0.0288659793814433	True	False	fin	fin	6	as	s#	as#	line_right	middle	442135	1220084	12.999372806039958	14.014431086413596	0.004268722056312645	0.011779658885530791	0.09103041525813346	0.24580201084436043	5.456440780771983	4.441381058263632	237316	12.377152079133063	0.0026835485658785185	0.5367500876429145	5.920615268550091
s_243-das-2-fin-flex-8_aux.csv	s_243.png	fin	das	2	flex	a	-	0.0288659793814433	True	False	fin	fin	6	as	s#	as#	line_right	middle	442135	1220084	12.999372806039958	14.014431086413596	0.004268722056312645	0.011779658885530791	0.09103041525813346	0.24580201084436043	5.456440780771983	4.441381058263632	237316	12.377152079133063	0.0026835485658785185	0.5367500876429145	5.920615268550091
s_243-das-2-fin-flex-9_aux.csv	s_243.png	fin	das	2	flex	a	-	0.0288659793814433	True	False	fin	fin	6	as	s#	as#	line_right	middle	442135	1220084	12.999372806039958	14.014431086413596	0.004268722056312645	0.011779658885530791	0.09103041525813346	0.24580201084436043	5.456440780771983	4.441381058263632	237316	12.377152079133063	0.0026835485658785185	0.5367500876429145	5.920615268550091
s_243-das-2-fin-flex-10_aux.csv	s_243.png	fin	das	2	flex	a	-	0.0288659793814433	True	False	fin	fin	6	as	s#	as#	line_right	middle	442135	1220084	12.999372806039958	14.014431086413596	0.004268722056312645	0.011779658885530791	0.09103041525813346	0.24580201084436043	5.456440780771983	4.441381058263632	237316	12.377152079133063	0.0026835485658785185	0.5367500876429145	5.920615268550091
s_243-das-2-fin-flex-11_aux.csv	s_243.png	fin	das	2	flex	a	-	0.0288659793814433	True	False	fin	fin	6	as	s#	as#	line_right	middle	442135	1220084	12.999372806039958	14.014431086413596	0.004268722056312645	0.011779658885530791	0.09103041525813346	0.24580201084436043	5.456440780771983	4.441381058263632	237316	12.377152079133063	0.0026835485658785185	0.5367500876429145	5.920615268550091
s_243-das-2-fin-flex-12_aux.csv	s_243.png	fin	das	2	flex	a	-	0.0288659793814433	True	False	fin	fin	6	as	s#	as#	line_right	middle	442135	1220084	12.999372806039958	14.014431086413596	0.004268722056312645	0.011779658885530791	0.09103041525813346	0.24580201084436043	5.456440780771983	4.441381058263632	237316	12.377152079133063	0.0026835485658785185	0.5367500876429145	5.920615268550091
s_243-das-2-fin-flex-13_aux.csv	s_243.png	fin	das	2	flex	a	-	0.0288659793814433	True	False	fin	fin	6	as	s#	as#	line_right	middle	442135	1220084	12.999372806039958	14.014431086413596	0.004268722056312645	0.011779658885530791	0.09103041525813346	0.24580201084436043	5.456440780771983	4.441381058263632	237316	12.377152079133063	0.0026835485658785185	0.5367500876429145	5.920615268550091
s_243-das-2-fin-flex-14_aux.csv	s_243.png	fin	das	2	flex	a	-	0.0288659793814433	True	False	fin	fin	6	as	s#	as#	line_right	middle	442135	1220084	12.999372806039958	14.014431086413596	0.004268722056312645	0.011779658885530791	0.09103041525813346	0.24580201084436043	5.456440780771983	4.441381058263632	237316	12.377152079133063	0.0026835485658785185	0.5367500876429145	5.920615268550091
s_243-das-2-fin-flex-15_aux.csv	s_243.png	fin	das	2	flex	a	-	0.0288659793814433	True	False	fin	fin	6	as	s#	as#	line_right	middle	442135	1220084	12.999372806039958	14.014431086413596	0.004268722056312645	0.011779658885530791	0.09103041525813346	0.24580201084436043	5.456440780771983	4.441381058263632	237316	12.377152079133063	0.0026835485658785185	0.5367500876429145	5.920615268550091
s_243-das-2-fin-flex-16_aux.csv	s_243.png	fin	das	2	flex	a	-	0.0288659793814433	True	False	fin	fin	6	as	s#	as#	line_right	middle	442135	1220084	12.999372806039958	14.014431086413596	0.004268722056312645	0.011779658885530791	0.09103041525813346	0.24580201084436043	5.456440780771983	4.441381058263632	237316	12.377152079133063	0.0026835485658785185	0.5367500876429145	5.920615268550091
s_243-das-2-fin-flex-17_aux.csv	s_243.png	fin	das	2	flex	a	-	0.0288659793814433	True	False	fin	fin	6	as	s#	as#	line_right	middle	442135	1220084	12.999372806039958	14.014431086413596	0.004268722056312645	0.011779658885530791	0.09103041525813346	0.24580201084436043	5.456440780771983	4.441381058263632	237316	12.377152079133063	0.0026835485658785185	0.5367500876429145	5.920615268550091
s_243-das-2-fin-flex-18_aux.csv	s_243.png	fin	das	2	flex	a	-	0.0288659793814433	True	False	fin	fin	6	as	s#	as#	line_right	middle	442135	1220084	12.999372806039958	14.014431086413596	0.004268722056312645	0.011779658885530791	0.09103041525813346	0.24580201084436043	5.456440780771983	4.441381058263632	237316	12.377152079133063	0.0026835485658785185	0.5367500876429145	5.920615268550091
s_243-das-2-fin-flex-19_aux.csv	s_243.png	fin	das	2	flex	a	-	0.0288659793814433	True	False	fin	fin	6	as	s#	as#	line_right	middle	442135	1220084	12.999372806039958	14.014431086413596	0.004268722056312645	0.011779658885530791	0.09103041525813346	0.24580201084436043	5.456440780771983	4.441381058263632	237316	12.377152079133063	0.0026835485658785185	0.5367500876429145	5.920615268550091
s_243-das-2-fin-flex-20_aux.csv	s_243.png	fin	das	2	flex	a	-	0.0288659793814433	True	False	fin	fin	6	as	s#	as#	line_right	middle	442135	1220084	12.999372806039958	14.014431086413596	0.004268722056312645	0.011779658885530791	0.09103041525813346	0.24580201084436043	5.456440780771983	4.441381058263632	237316	12.377152079133063	0.0026835485658785185	0.5367500876429145	5.920615268550091
s_243-das-2-fin-flex-21_aux.csv	s_243.png	fin	das	2	flex	a	-	0.0288659793814433	True	False	fin	fin	6	as	s#	as#	line_right	middle	442135	1220084	12.999372806039958	14.014431086413596	0.004268722056312645	0.011779658885530791	0.09103041525813346	0.24580201084436043	5.456440780771983	4.441381058263632	237316	12.377152079133063	0.0026835485658785185	0.5367500876429145	5.920615268550091
s_243-das-2-fin-flex-22_aux.csv	s_243.png	fin	das	2	flex	a	-	0.0288659793814433	True	False	fin	fin	6	as	s#	as#	line_right	middle	442135	1220084	12.999372806039958	14.014431086413596	0.004268722056312645	0.011779658885530791	0.09103041525813346	0.24580201084436043	5.456440780771983	4.441381058263632	237316	12.377152079133063	0.0026835485658785185	0.5367500876429145	5.920615268550091
s_243-das-2-fin-flex-23_aux.csv	s_243.png	fin	das	2	flex	a	-	0.0288659793814433	True	False	fin	fin	6	as	s#	as#	line_right	middle	442135	1220084	12.999372806039958	14.014431086413596	0.004268722056312645	0.011779658885530791	0.09103041525813346	0.24580201084436043	5.456440780771983	4.441381058263632	237316	12.377152079133063	0.0026835485658785185	0.5367500876429145	5.920615268550091
s_244-Menschenbild(?)-3-mid-stem-1.csv	s_244.png	mid	Menschenbild(?)	3	stem	n	c	0.0	False	False	ini	mid	1	ns	sc	nsc	line_right	middle	329428	553042	12.705116131709016	13.223191035166852	0.0031805592625939174	0.005339506222007435	0.0385837703797871	0.11141760377268022	5.75069822891292	5.232622098074313	55383	10.922046022357861	0.0006262661186942726	0.16811867843656278	7.375735167462459
s_244-Menschenbild(?)-3-mid-stem-2_aux.csv	s_244.png	mid	Menschenbild(?)	3	stem	n	c	0.0	False	False	ini	mid	1	ns	sc	nsc	line_right	middle	329428	553042	12.705116131709016	13.223191035166852	0.0031805592625939174	0.005339506222007435	0.0385837703797871	0.11141760377268022	5.75069822891292	5.232622098074313	55383	10.922046022357861	0.0006262661186942726	0.16811867843656278	7.375735167462459
s_244-Menschenbild(?)-3-mid-stem-3_aux.csv	s_244.png	mid	Menschenbild(?)	3	stem	n	c	0.0	False	False	ini	mid	1	ns	sc	nsc	line_right	middle	329428	553042	12.705116131709016	13.223191035166852	0.0031805592625939174	0.005339506222007435	0.0385837703797871	0.11141760377268022	5.75069822891292	5.232622098074313	55383	10.922046022357861	0.0006262661186942726	0.16811867843656278	7.375735167462459
s_244-Menschenbild(?)-3-mid-stem-4_aux.csv	s_244.png	mid	Menschenbild(?)	3	stem	n	c	0.0	False	False	ini	mid	1	ns	sc	nsc	line_right	middle	329428	553042	12.705116131709016	13.223191035166852	0.0031805592625939174	0.005339506222007435	0.0385837703797871	0.11141760377268022	5.75069822891292	5.232622098074313	55383	10.922046022357861	0.0006262661186942726	0.16811867843656278	7.375735167462459
s_244-Menschenbild(?)-3-mid-stem-5_aux.csv	s_244.png	mid	Menschenbild(?)	3	stem	n	c	0.0	False	False	ini	mid	1	ns	sc	nsc	line_right	middle	329428	553042	12.705116131709016	13.223191035166852	0.0031805592625939174	0.005339506222007435	0.0385837703797871	0.11141760377268022	5.75069822891292	5.232622098074313	55383	10.922046022357861	0.0006262661186942726	0.16811867843656278	7.375735167462459
s_244-Menschenbild(?)-3-mid-stem-6_aux.csv	s_244.png	mid	Menschenbild(?)	3	stem	n	c	0.0	False	False	ini	mid	1	ns	sc	nsc	line_right	middle	329428	553042	12.705116131709016	13.223191035166852	0.0031805592625939174	0.005339506222007435	0.0385837703797871	0.11141760377268022	5.75069822891292	5.232622098074313	55383	10.922046022357861	0.0006262661186942726	0.16811867843656278	7.375735167462459
s_245-aus-2-fin-stem-1.csv	s_245.png	fin	aus	2	stem	u	-	0.0144329896907216	True	False	fin	fin	5	us	s#	us#	line_right	middle	355289	1220084	12.78068963638365	14.014431086413596	0.003430241873331139	0.011779658885530791	0.11054222124872086	0.24580201084436043	5.675124503284333	4.441381058263632	106524	11.576134978368113	0.0012045640725094108	0.29982352394810985	6.721637543044818
s_245-aus-2-fin-stem-2_aux.csv	s_245.png	fin	aus	2	stem	u	-	0.0144329896907216	True	False	fin	fin	5	us	s#	us#	line_right	middle	355289	1220084	12.78068963638365	14.014431086413596	0.003430241873331139	0.011779658885530791	0.11054222124872086	0.24580201084436043	5.675124503284333	4.441381058263632	106524	11.576134978368113	0.0012045640725094108	0.29982352394810985	6.721637543044818
s_246-Mensch-3-mid-stem-1.csv	s_246.png	mid	Mensch	3	stem	n	c	0.0103092783505154	False	False	mid	mid	1	ns	sc	nsc	line_right	middle	329428	553042	12.705116131709016	13.223191035166852	0.0031805592625939174	0.005339506222007435	0.0385837703797871	0.11141760377268022	5.75069822891292	5.232622098074313	55383	10.922046022357861	0.0006262661186942726	0.16811867843656278	7.375735167462459
s_247-entspricht-3-mid-stem-1.csv	s_247.png	mid	entspricht	3	stem	t	p	0.0041237113402061	False	False	ini	ini	1	ts	sp	tsp	top	middle	227116	134179	12.33322058218325	11.80693746111688	0.002192758045713419	0.0012954705164575848	0.04172617724384119	0.027032128946109808	6.122595145905257	6.648881316648269	13558	9.51480581246231	0.00015331267784802103	0.0596963666144173	8.783031075910227
s_247-entspricht-3-mid-stem-2_aux.csv	s_247.png	mid	entspricht	3	stem	t	p	0.0041237113402061	False	False	ini	ini	1	ts	sp	tsp	top	middle	227116	134179	12.33322058218325	11.80693746111688	0.002192758045713419	0.0012954705164575848	0.04172617724384119	0.027032128946109808	6.122595145905257	6.648881316648269	13558	9.51480581246231	0.00015331267784802103	0.0596963666144173	8.783031075910227
s_248-Gesellschaft-2-mid-der-1.csv	s_248.png	mid	Gesellschaft	2	der	e	e	0.0103092783505154	True	True	ini	ini	1	es	se	ese	line_right	line	789215	594667	13.57879532661997	13.295758545603935	0.00761970773106129	0.005741386995060945	0.05653990658627244	0.11980350892461772	4.877017265522941	5.160054461069925	107367	11.584017465077642	0.0012140966427576687	0.13604277668315984	6.713754982628885
s_249-Menschlichkeit-3-mid-stem-1.csv	s_249.png	mid	Menschlichkeit	3	stem	n	c	0.0	False	False	mid	mid	1	ns	sc	nsc	line_right	middle	329428	553042	12.705116131709016	13.223191035166852	0.0031805592625939174	0.005339506222007435	0.0385837703797871	0.11141760377268022	5.75069822891292	5.232622098074313	55383	10.922046022357861	0.0006262661186942726	0.16811867843656278	7.375735167462459
s_249-Menschlichkeit-3-mid-stem-2_aux.csv	s_249.png	mid	Menschlichkeit	3	stem	n	c	0.0	False	False	mid	mid	1	ns	sc	nsc	line_right	middle	329428	553042	12.705116131709016	13.223191035166852	0.0031805592625939174	0.005339506222007435	0.0385837703797871	0.11141760377268022	5.75069822891292	5.232622098074313	55383	10.922046022357861	0.0006262661186942726	0.16811867843656278	7.375735167462459
s_250-ist-1-mid-stem-1.csv	s_250.png	mid	ist	1	stem	i	t	0.045360824742268	True	False	mid	mid	11	is	st	ist	top	top	589101	897911	13.286354622513352	13.707827346936803	0.005687648415293598	0.008669145148666681	0.08546248093200515	0.180896011552705	5.16945840004886	4.747985091820567	218974	12.296712847031289	0.0024761388345694467	0.37170875622346594	6.001054853611638
s_250-ist-1-mid-stem-2_aux.csv	s_250.png	mid	ist	1	stem	i	t	0.045360824742268	True	False	mid	mid	11	is	st	ist	top	top	589101	897911	13.286354622513352	13.707827346936803	0.005687648415293598	0.008669145148666681	0.08546248093200515	0.180896011552705	5.16945840004886	4.747985091820567	218974	12.296712847031289	0.0024761388345694467	0.37170875622346594	6.001054853611638
s_250-ist-1-mid-stem-3_aux.csv	s_250.png	mid	ist	1	stem	i	t	0.045360824742268	True	False	mid	mid	11	is	st	ist	top	top	589101	897911	13.286354622513352	13.707827346936803	0.005687648415293598	0.008669145148666681	0.08546248093200515	0.180896011552705	5.16945840004886	4.747985091820567	218974	12.296712847031289	0.0024761388345694467	0.37170875622346594	6.001054853611638
s_251-bestimmt-2-mid-stem-1.csv	s_251.png	mid	bestimmt	2	stem	e	t	0.0041237113402061	True	False	ini	ini	1	es	st	est	line_right	top	789215	897911	13.57879532661997	13.707827346936803	0.00761970773106129	0.008669145148666681	0.05653990658627244	0.180896011552705	4.877017265522941	4.747985091820567	118090	11.67921079267701	0.0013353513886320107	0.14962969533016984	6.618560809305811
s_252-ausgesprochener-2-mid-stem-1.csv	s_252.png	mid	ausgesprochener	2	stem	u	g	0.0	True	False	fin	fin	1	us	sg	usg	line_right	middle	355289	44867	12.78068963638365	10.711480124765114	0.003430241873331139	0.0004331816130832877	0.11054222124872086	0.009039048803651157	5.675124503284333	7.744353488144304	22874	10.037799890143722	0.00025865719081690755	0.06438139092400834	8.260006960559977
s_253-Atheist-5-mid-stem-1_aux.csv	s_253.png	mid	Atheist	5	stem	i	t	0.0	True	False	mid	mid	1	is	st	ist	top	top	589101	897911	13.286354622513352	13.707827346936803	0.005687648415293598	0.008669145148666681	0.08546248093200515	0.180896011552705	5.16945840004886	4.747985091820567	218974	12.296712847031289	0.0024761388345694467	0.37170875622346594	6.001054853611638
s_253-Atheist-5-mid-stem-2_aux.csv	s_253.png	mid	Atheist	5	stem	i	t	0.0	True	False	mid	mid	1	is	st	ist	top	top	589101	897911	13.286354622513352	13.707827346936803	0.005687648415293598	0.008669145148666681	0.08546248093200515	0.180896011552705	5.16945840004886	4.747985091820567	218974	12.296712847031289	0.0024761388345694467	0.37170875622346594	6.001054853611638
s_253-Atheist-5-mid-stem-3_aux.csv	s_253.png	mid	Atheist	5	stem	i	t	0.0	True	False	mid	mid	1	is	st	ist	top	top	589101	897911	13.286354622513352	13.707827346936803	0.005687648415293598	0.008669145148666681	0.08546248093200515	0.180896011552705	5.16945840004886	4.747985091820567	218974	12.296712847031289	0.0024761388345694467	0.37170875622346594	6.001054853611638
s_253-Atheist-5-mid-stem-4_aux.csv	s_253.png	mid	Atheist	5	stem	i	t	0.0	True	False	mid	mid	1	is	st	ist	top	top	589101	897911	13.286354622513352	13.707827346936803	0.005687648415293598	0.008669145148666681	0.08546248093200515	0.180896011552705	5.16945840004886	4.747985091820567	218974	12.296712847031289	0.0024761388345694467	0.37170875622346594	6.001054853611638
s_253-Atheist-5-mid-stem-5.csv	s_253.png	mid	Atheist	5	stem	i	t	0.0	True	False	mid	mid	1	is	st	ist	top	top	589101	897911	13.286354622513352	13.707827346936803	0.005687648415293598	0.008669145148666681	0.08546248093200515	0.180896011552705	5.16945840004886	4.747985091820567	218974	12.296712847031289	0.0024761388345694467	0.37170875622346594	6.001054853611638
s_253-Atheist-5-mid-stem-6_aux.csv	s_253.png	mid	Atheist	5	stem	i	t	0.0	True	False	mid	mid	1	is	st	ist	top	top	589101	897911	13.286354622513352	13.707827346936803	0.005687648415293598	0.008669145148666681	0.08546248093200515	0.180896011552705	5.16945840004886	4.747985091820567	218974	12.296712847031289	0.0024761388345694467	0.37170875622346594	6.001054853611638
s_253-Atheist-5-mid-stem-7_aux.csv	s_253.png	mid	Atheist	5	stem	i	t	0.0	True	False	mid	mid	1	is	st	ist	top	top	589101	897911	13.286354622513352	13.707827346936803	0.005687648415293598	0.008669145148666681	0.08546248093200515	0.180896011552705	5.16945840004886	4.747985091820567	218974	12.296712847031289	0.0024761388345694467	0.37170875622346594	6.001054853611638
s_253-Atheist-5-mid-stem-8_aux.csv	s_253.png	mid	Atheist	5	stem	i	t	0.0	True	False	mid	mid	1	is	st	ist	top	top	589101	897911	13.286354622513352	13.707827346936803	0.005687648415293598	0.008669145148666681	0.08546248093200515	0.180896011552705	5.16945840004886	4.747985091820567	218974	12.296712847031289	0.0024761388345694467	0.37170875622346594	6.001054853611638
s_253-Atheist-5-mid-stem-9_aux.csv	s_253.png	mid	Atheist	5	stem	i	t	0.0	True	False	mid	mid	1	is	st	ist	top	top	589101	897911	13.286354622513352	13.707827346936803	0.005687648415293598	0.008669145148666681	0.08546248093200515	0.180896011552705	5.16945840004886	4.747985091820567	218974	12.296712847031289	0.0024761388345694467	0.37170875622346594	6.001054853611638
s_254-es-1-fin-stem-1.csv	s_254.png	fin	es	1	stem	e	-	0.0144329896907216	True	False	fin	fin	6	es	s#	es#	line_right	middle	789215	1220084	13.57879532661997	14.014431086413596	0.00761970773106129	0.011779658885530791	0.05653990658627244	0.24580201084436043	4.877017265522941	4.441381058263632	316197	12.664123878626816	0.003575528012797662	0.4006474788238946	5.633642417854672
s_255-schon-0-ini-stem-1.csv	s_255.png	ini	schon	0	stem	-	c	0.0041237113402061	False	False	ini	ini	2	#s	sc	#sc	line_right	middle	805056	553042	13.598668361347388	13.223191035166852	0.00777264931246527	0.005339506222007435	0.053167636198579	0.11141760377268022	4.857144205863322	5.232622098074313	89134	11.397907353385962	0.0010079194739124875	0.11071776373320613	6.899866999515676
s_256-des-2-fin-flex-1.csv	s_256.png	fin	des	2	flex	e	-	0.0123711340206185	True	False	fin	fin	5	es	s#	es#	line_right	middle	789215	1220084	13.57879532661997	14.014431086413596	0.00761970773106129	0.011779658885530791	0.05653990658627244	0.24580201084436043	4.877017265522941	4.441381058263632	316197	12.664123878626816	0.003575528012797662	0.4006474788238946	5.633642417854672
s_256-des-2-fin-flex-2_aux.csv	s_256.png	fin	des	2	flex	e	-	0.0123711340206185	True	False	fin	fin	5	es	s#	es#	line_right	middle	789215	1220084	13.57879532661997	14.014431086413596	0.00761970773106129	0.011779658885530791	0.05653990658627244	0.24580201084436043	4.877017265522941	4.441381058263632	316197	12.664123878626816	0.003575528012797662	0.4006474788238946	5.633642417854672
s_256-des-2-fin-flex-3_aux.csv	s_256.png	fin	des	2	flex	e	-	0.0123711340206185	True	False	fin	fin	5	es	s#	es#	line_right	middle	789215	1220084	13.57879532661997	14.014431086413596	0.00761970773106129	0.011779658885530791	0.05653990658627244	0.24580201084436043	4.877017265522941	4.441381058263632	316197	12.664123878626816	0.003575528012797662	0.4006474788238946	5.633642417854672
s_256-des-2-fin-flex-4_aux.csv	s_256.png	fin	des	2	flex	e	-	0.0123711340206185	True	False	fin	fin	5	es	s#	es#	line_right	middle	789215	1220084	13.57879532661997	14.014431086413596	0.00761970773106129	0.011779658885530791	0.05653990658627244	0.24580201084436043	4.877017265522941	4.441381058263632	316197	12.664123878626816	0.003575528012797662	0.4006474788238946	5.633642417854672
s_257-Menschen-3-mid-stem-1.csv	s_257.png	mid	Menschen	3	stem	n	c	0.0206185567010309	False	False	ini	mid	1	ns	sc	nsc	line_right	middle	329428	553042	12.705116131709016	13.223191035166852	0.0031805592625939174	0.005339506222007435	0.0385837703797871	0.11141760377268022	5.75069822891292	5.232622098074313	55383	10.922046022357861	0.0006262661186942726	0.16811867843656278	7.375735167462459
s_257-Menschen-3-mid-stem-2_aux.csv	s_257.png	mid	Menschen	3	stem	n	c	0.0206185567010309	False	False	ini	mid	1	ns	sc	nsc	line_right	middle	329428	553042	12.705116131709016	13.223191035166852	0.0031805592625939174	0.005339506222007435	0.0385837703797871	0.11141760377268022	5.75069822891292	5.232622098074313	55383	10.922046022357861	0.0006262661186942726	0.16811867843656278	7.375735167462459
s_258-ausgeführt-2-mid-stem-1.csv	s_258.png	mid	ausgeführt	2	stem	u	g	0.0	True	False	fin	fin	1	us	sg	usg	line_right	middle	355289	44867	12.78068963638365	10.711480124765114	0.003430241873331139	0.0004331816130832877	0.11054222124872086	0.009039048803651157	5.675124503284333	7.744353488144304	22874	10.037799890143722	0.00025865719081690755	0.06438139092400834	8.260006960559977
s_258-ausgeführt-2-mid-stem-2_aux.csv	s_258.png	mid	ausgeführt	2	stem	u	g	0.0	True	False	fin	fin	1	us	sg	usg	line_right	middle	355289	44867	12.78068963638365	10.711480124765114	0.003430241873331139	0.0004331816130832877	0.11054222124872086	0.009039048803651157	5.675124503284333	7.744353488144304	22874	10.037799890143722	0.00025865719081690755	0.06438139092400834	8.260006960559977
s_259-Mensch-3-mid-stem-1.csv	s_259.png	mid	Mensch	3	stem	n	c	0.0103092783505154	False	False	mid	mid	2	ns	sc	nsc	line_right	middle	329428	553042	12.705116131709016	13.223191035166852	0.0031805592625939174	0.005339506222007435	0.0385837703797871	0.11141760377268022	5.75069822891292	5.232622098074313	55383	10.922046022357861	0.0006262661186942726	0.16811867843656278	7.375735167462459
s_259-Mensch-3-mid-stem-2_aux.csv	s_259.png	mid	Mensch	3	stem	n	c	0.0103092783505154	False	False	mid	mid	2	ns	sc	nsc	line_right	middle	329428	553042	12.705116131709016	13.223191035166852	0.0031805592625939174	0.005339506222007435	0.0385837703797871	0.11141760377268022	5.75069822891292	5.232622098074313	55383	10.922046022357861	0.0006262661186942726	0.16811867843656278	7.375735167462459
s_260-selbst-0-ini-stem-1.csv	s_260.png	ini	selbst	0	stem	-	e	0.0103092783505154	False	True	ini	ini	4	#s	se	#se	line_right	line	805056	594667	13.598668361347388	13.295758545603935	0.00777264931246527	0.005741386995060945	0.053167636198579	0.11980350892461772	4.857144205863322	5.160054461069925	175181	12.073580712480313	0.0019809314218980803	0.217601011606646	6.224188129786149
s_260-selbst-0-ini-stem-2_aux.csv	s_260.png	ini	selbst	0	stem	-	e	0.0103092783505154	False	True	ini	ini	4	#s	se	#se	line_right	line	805056	594667	13.598668361347388	13.295758545603935	0.00777264931246527	0.005741386995060945	0.053167636198579	0.11980350892461772	4.857144205863322	5.160054461069925	175181	12.073580712480313	0.0019809314218980803	0.217601011606646	6.224188129786149
s_261-selbst-4-mid-stem-1.csv	s_261.png	mid	selbst	4	stem	b	t	0.0103092783505154	False	False	mid	mid	1	bs	st	bst	line_left	top	52210	897911	10.863048479640058	13.707827346936803	0.0005040767606275982	0.008669145148666681	0.036176978248773715	0.180896011552705	7.592781998657268	4.747985091820567	25507	10.146747407435162	0.0002884309244630087	0.4885462555066079	8.151054930621621
s_262-ist-1-mid-stem-1.csv	s_262.png	mid	ist	1	stem	i	t	0.045360824742268	True	False	mid	mid	12	is	st	ist	top	top	589101	897911	13.286354622513352	13.707827346936803	0.005687648415293598	0.008669145148666681	0.08546248093200515	0.180896011552705	5.16945840004886	4.747985091820567	218974	12.296712847031289	0.0024761388345694467	0.37170875622346594	6.001054853611638
s_262-ist-1-mid-stem-2_aux.csv	s_262.png	mid	ist	1	stem	i	t	0.045360824742268	True	False	mid	mid	12	is	st	ist	top	top	589101	897911	13.286354622513352	13.707827346936803	0.005687648415293598	0.008669145148666681	0.08546248093200515	0.180896011552705	5.16945840004886	4.747985091820567	218974	12.296712847031289	0.0024761388345694467	0.37170875622346594	6.001054853611638
s_262-ist-1-mid-stem-3_aux.csv	s_262.png	mid	ist	1	stem	i	t	0.045360824742268	True	False	mid	mid	12	is	st	ist	top	top	589101	897911	13.286354622513352	13.707827346936803	0.005687648415293598	0.008669145148666681	0.08546248093200515	0.180896011552705	5.16945840004886	4.747985091820567	218974	12.296712847031289	0.0024761388345694467	0.37170875622346594	6.001054853611638
s_262-ist-1-mid-stem-4_aux.csv	s_262.png	mid	ist	1	stem	i	t	0.045360824742268	True	False	mid	mid	12	is	st	ist	top	top	589101	897911	13.286354622513352	13.707827346936803	0.005687648415293598	0.008669145148666681	0.08546248093200515	0.180896011552705	5.16945840004886	4.747985091820567	218974	12.296712847031289	0.0024761388345694467	0.37170875622346594	6.001054853611638
s_262-ist-1-mid-stem-5_aux.csv	s_262.png	mid	ist	1	stem	i	t	0.045360824742268	True	False	mid	mid	12	is	st	ist	top	top	589101	897911	13.286354622513352	13.707827346936803	0.005687648415293598	0.008669145148666681	0.08546248093200515	0.180896011552705	5.16945840004886	4.747985091820567	218974	12.296712847031289	0.0024761388345694467	0.37170875622346594	6.001054853611638
s_263-sich-0-ini-stem-1.csv	s_263.png	ini	sich	0	stem	-	i	0.0412371134020618	False	True	ini	ini	13	#s	si	#si	line_right	middle	805056	404512	13.598668361347388	12.910439153406776	0.00777264931246527	0.0039054797662323505	0.053167636198579	0.08149427663232525	4.857144205863322	5.545374643766582	241104	12.392987802237098	0.0027263829384768594	0.2994872406391605	5.904779479243203
s_263-sich-0-ini-stem-2_aux.csv	s_263.png	ini	sich	0	stem	-	i	0.0412371134020618	False	True	ini	ini	13	#s	si	#si	line_right	middle	805056	404512	13.598668361347388	12.910439153406776	0.00777264931246527	0.0039054797662323505	0.053167636198579	0.08149427663232525	4.857144205863322	5.545374643766582	241104	12.392987802237098	0.0027263829384768594	0.2994872406391605	5.904779479243203
s_264-aus-2-fin-stem-1.csv	s_264.png	fin	aus	2	stem	u	-	0.0144329896907216	True	False	fin	fin	6	us	s#	us#	line_right	middle	355289	1220084	12.78068963638365	14.014431086413596	0.003430241873331139	0.011779658885530791	0.11054222124872086	0.24580201084436043	5.675124503284333	4.441381058263632	106524	11.576134978368113	0.0012045640725094108	0.29982352394810985	6.721637543044818
s_265-ist-1-mid-stem-1.csv	s_265.png	mid	ist	1	stem	i	t	0.045360824742268	True	False	mid	mid	13	is	st	ist	top	top	589101	897911	13.286354622513352	13.707827346936803	0.005687648415293598	0.008669145148666681	0.08546248093200515	0.180896011552705	5.16945840004886	4.747985091820567	218974	12.296712847031289	0.0024761388345694467	0.37170875622346594	6.001054853611638
s_266-Auffassung-5-mid-stem-1.csv	s_266.png	mid	Auffassung	5	stem	a	s	0.0	True	False	fin	mid	1	as	ss	ass	line_right	middle	442135	370866	12.999372806039958	12.82359878675043	0.004268722056312645	0.003580634589291608	0.09103041525813346	0.07471584624813092	5.456440780771983	5.63221523469949	130273	11.777395203678102	0.0014731156867749846	0.2946453006434686	6.520375606381273
s_267-Auffassung-6-mid-stem-1.csv	s_267.png	mid	Auffassung	6	stem	s	u	0.0	False	True	ini	fin	1	ss	su	ssu	line_left	middle	370866	55446	12.82359878675043	10.923182888519593	0.003580634589291608	0.0005353196718972958	0.07471584624813092	0.011170327857160989	5.63221523469949	7.532646471945771	6337	8.754318540250866	7.165824159336991e-05	0.017087034130925993	9.543602384577621
s_268-Goethes-6-fin-flex-1.csv	s_268.png	fin	Goethes	6	flex	e	-	0.0082474226804123	True	False	fin	na	3	es	s#	es#	line_right	middle	789215	1220084	13.57879532661997	14.014431086413596	0.00761970773106129	0.011779658885530791	0.05653990658627244	0.24580201084436043	4.877017265522941	4.441381058263632	316197	12.664123878626816	0.003575528012797662	0.4006474788238946	5.633642417854672
s_269-Mensch-3-mid-stem-1.csv	s_269.png	mid	Mensch	3	stem	n	c	0.0103092783505154	False	False	mid	mid	3	ns	sc	nsc	line_right	middle	329428	553042	12.705116131709016	13.223191035166852	0.0031805592625939174	0.005339506222007435	0.0385837703797871	0.11141760377268022	5.75069822891292	5.232622098074313	55383	10.922046022357861	0.0006262661186942726	0.16811867843656278	7.375735167462459
s_270-dieser-3-mid-stem-1.csv	s_270.png	mid	dieser	3	stem	e	e	0.0123711340206185	True	True	ini	fin	1	es	se	ese	line_right	line	789215	594667	13.57879532661997	13.295758545603935	0.00761970773106129	0.005741386995060945	0.05653990658627244	0.11980350892461772	4.877017265522941	5.160054461069925	107367	11.584017465077642	0.0012140966427576687	0.13604277668315984	6.713754982628885
s_270-dieser-3-mid-stem-2_aux.csv	s_270.png	mid	dieser	3	stem	e	e	0.0123711340206185	True	True	ini	fin	1	es	se	ese	line_right	line	789215	594667	13.57879532661997	13.295758545603935	0.00761970773106129	0.005741386995060945	0.05653990658627244	0.11980350892461772	4.877017265522941	5.160054461069925	107367	11.584017465077642	0.0012140966427576687	0.13604277668315984	6.713754982628885
s_271-Idealvorstellung-8-mid-stem-1.csv	s_271.png	mid	Idealvorstellung	8	stem	r	t	0.0	False	False	ini	ini	1	rs	st	rst	top	top	275644	897911	12.526869084909004	13.707827346936803	0.0026612858572387225	0.008669145148666681	0.04275720066942497	0.180896011552705	5.928945868014112	4.747985091820567	94939	11.461000392105309	0.0010735619060490682	0.34442614386672665	6.836773274819492
s_272-entspricht-3-mid-stem-1.csv	s_272.png	mid	entspricht	3	stem	t	p	0.0041237113402061	False	False	ini	ini	2	ts	sp	tsp	top	middle	227116	134179	12.33322058218325	11.80693746111688	0.002192758045713419	0.0012954705164575848	0.04172617724384119	0.027032128946109808	6.122595145905257	6.648881316648269	13558	9.51480581246231	0.00015331267784802103	0.0596963666144173	8.783031075910227
s_272-entspricht-3-mid-stem-2_aux.csv	s_272.png	mid	entspricht	3	stem	t	p	0.0041237113402061	False	False	ini	ini	2	ts	sp	tsp	top	middle	227116	134179	12.33322058218325	11.80693746111688	0.002192758045713419	0.0012954705164575848	0.04172617724384119	0.027032128946109808	6.122595145905257	6.648881316648269	13558	9.51480581246231	0.00015331267784802103	0.0596963666144173	8.783031075910227
s_272-entspricht-3-mid-stem-3_aux.csv	s_272.png	mid	entspricht	3	stem	t	p	0.0041237113402061	False	False	ini	ini	2	ts	sp	tsp	top	middle	227116	134179	12.33322058218325	11.80693746111688	0.002192758045713419	0.0012954705164575848	0.04172617724384119	0.027032128946109808	6.122595145905257	6.648881316648269	13558	9.51480581246231	0.00015331267784802103	0.0596963666144173	8.783031075910227
s_273-so-0-ini-stem-1.csv	s_273.png	ini	so	0	stem	-	o	0.0144329896907216	False	True	ini	ini	6	#s	so	#so	line_right	middle	805056	201358	13.598668361347388	12.212844663567227	0.00777264931246527	0.0019440698786909007	0.053167636198579	0.04056622437438629	4.857144205863322	6.242971627761273	126005	11.744084803847484	0.0014248535161705185	0.1565170621671039	6.553686266215172
s_274-Wissen-2-mid-stem-1.csv	s_274.png	mid	Wissen	2	stem	i	s	0.0	True	False	fin	mid	1	is	ss	iss	top	middle	589101	370866	13.286354622513352	12.82359878675043	0.005687648415293598	0.003580634589291608	0.08546248093200515	0.07471584624813092	5.16945840004886	5.63221523469949	36997	10.518619136111335	0.0004183588392346389	0.06280247359960346	7.779171026643106
s_274-Wissen-2-mid-stem-2_aux.csv	s_274.png	mid	Wissen	2	stem	i	s	0.0	True	False	fin	mid	1	is	ss	iss	top	middle	589101	370866	13.286354622513352	12.82359878675043	0.005687648415293598	0.003580634589291608	0.08546248093200515	0.07471584624813092	5.16945840004886	5.63221523469949	36997	10.518619136111335	0.0004183588392346389	0.06280247359960346	7.779171026643106
s_275-Wissen-3-mid-stem-1.csv	s_275.png	mid	Wissen	3	stem	s	e	0.0	False	True	ini	fin	1	ss	se	sse	line_left	line	370866	594667	12.82359878675043	13.295758545603935	0.003580634589291608	0.005741386995060945	0.07471584624813092	0.11980350892461772	5.63221523469949	5.160054461069925	133233	11.7998622597716	0.001506587107812759	0.35924835385287407	6.49790837974937
s_276-Mensch-3-mid-stem-1.csv	s_276.png	mid	Mensch	3	stem	n	c	0.0103092783505154	False	False	mid	mid	4	ns	sc	nsc	line_right	middle	329428	553042	12.705116131709016	13.223191035166852	0.0031805592625939174	0.005339506222007435	0.0385837703797871	0.11141760377268022	5.75069822891292	5.232622098074313	55383	10.922046022357861	0.0006262661186942726	0.16811867843656278	7.375735167462459
s_277-Einstellung-3-mid-stem-1.csv	s_277.png	mid	Einstellung	3	stem	n	t	0.0061855670103092	False	False	ini	ini	3	ns	st	nst	line_right	top	329428	897911	12.705116131709016	13.707827346936803	0.0031805592625939174	0.008669145148666681	0.0385837703797871	0.180896011552705	5.75069822891292	4.747985091820567	76712	11.247826464518706	0.0008674525846789637	0.23286423740544215	7.049949705067621
s_278-Idealgestalt-7-mid-stem-1.csv	s_278.png	mid	Idealgestalt	7	stem	e	t	0.0	True	False	ini	ini	1	es	st	est	line_right	top	789215	897911	13.57879532661997	13.707827346936803	0.00761970773106129	0.008669145148666681	0.05653990658627244	0.180896011552705	4.877017265522941	4.747985091820567	118090	11.67921079267701	0.0013353513886320107	0.14962969533016984	6.618560809305811
s_278-Idealgestalt-7-mid-stem-2_aux.csv	s_278.png	mid	Idealgestalt	7	stem	e	t	0.0	True	False	ini	ini	1	es	st	est	line_right	top	789215	897911	13.57879532661997	13.707827346936803	0.00761970773106129	0.008669145148666681	0.05653990658627244	0.180896011552705	4.877017265522941	4.747985091820567	118090	11.67921079267701	0.0013353513886320107	0.14962969533016984	6.618560809305811
s_279-besitzt-2-mid-stem-1.csv	s_279.png	mid	besitzt	2	stem	e	i	0.0	True	True	ini	ini	1	es	si	esi	line_right	middle	789215	404512	13.57879532661997	12.910439153406776	0.00761970773106129	0.0039054797662323505	0.05653990658627244	0.08149427663232525	4.877017265522941	5.545374643766582	17322	9.759790377278941	0.00019587566054605547	0.021948391756365503	8.538030485010148
s_280-Pylades-6-fin-stem-1.csv	s_280.png	fin	Pylades	6	stem	e	-	0.0103092783505154	True	False	fin	fin	5	es	s#	es#	line_right	middle	789215	1220084	13.57879532661997	14.014431086413596	0.00761970773106129	0.011779658885530791	0.05653990658627244	0.24580201084436043	4.877017265522941	4.441381058263632	316197	12.664123878626816	0.003575528012797662	0.4006474788238946	5.633642417854672
s_281-Thoas-4-fin-stem-1.csv	s_281.png	fin	Thoas	4	stem	a	-	0.0371134020618556	True	False	fin	fin	13	as	s#	as#	line_right	middle	442135	1220084	12.999372806039958	14.014431086413596	0.004268722056312645	0.011779658885530791	0.09103041525813346	0.24580201084436043	5.456440780771983	4.441381058263632	237316	12.377152079133063	0.0026835485658785185	0.5367500876429145	5.920615268550091
s_282-so-0-ini-stem-1.csv	s_282.png	ini	so	0	stem	-	o	0.0144329896907216	False	True	ini	ini	7	#s	so	#so	line_right	middle	805056	201358	13.598668361347388	12.212844663567227	0.00777264931246527	0.0019440698786909007	0.053167636198579	0.04056622437438629	4.857144205863322	6.242971627761273	126005	11.744084803847484	0.0014248535161705185	0.1565170621671039	6.553686266215172
s_283-verbessern-5-mid-stem-1.csv	s_283.png	mid	verbessern	5	stem	e	s	0.0	True	False	fin	mid	1	es	ss	ess	line_right	middle	789215	370866	13.57879532661997	12.82359878675043	0.00761970773106129	0.003580634589291608	0.05653990658627244	0.07471584624813092	4.877017265522941	5.63221523469949	55206	10.918845035819478	0.0006242646181795138	0.06995052045386872	7.378936211890722
s_284-verbessern-6-mid-stem-1.csv	s_284.png	mid	verbessern	6	stem	s	e	0.0	False	True	ini	mid	1	ss	se	sse	line_left	line	370866	594667	12.82359878675043	13.295758545603935	0.003580634589291608	0.005741386995060945	0.07471584624813092	0.11980350892461772	5.63221523469949	5.160054461069925	133233	11.7998622597716	0.001506587107812759	0.35924835385287407	6.49790837974937
s_285-sich-0-ini-stem-1.csv	s_285.png	ini	sich	0	stem	-	i	0.0412371134020618	False	True	ini	ini	14	#s	si	#si	line_right	middle	805056	404512	13.598668361347388	12.910439153406776	0.00777264931246527	0.0039054797662323505	0.053167636198579	0.08149427663232525	4.857144205863322	5.545374643766582	241104	12.392987802237098	0.0027263829384768594	0.2994872406391605	5.904779479243203
s_286-einerseits-5-mid-stem-1.csv	s_286.png	mid	einerseits	5	stem	r	e	0.0	False	True	ini	ini	1	rs	se	rse	top	line	275644	594667	12.526869084909004	13.295758545603935	0.0026612858572387225	0.005741386995060945	0.04275720066942497	0.11980350892461772	5.928945868014112	5.160054461069925	13479	9.508962384466297	0.00015241935275951286	0.048900030474089765	8.788874936162868
s_286-einerseits-5-mid-stem-2_aux.csv	s_286.png	mid	einerseits	5	stem	r	e	0.0	False	True	ini	ini	1	rs	se	rse	top	line	275644	594667	12.526869084909004	13.295758545603935	0.0026612858572387225	0.005741386995060945	0.04275720066942497	0.11980350892461772	5.928945868014112	5.160054461069925	13479	9.508962384466297	0.00015241935275951286	0.048900030474089765	8.788874936162868
s_287-einerseits-9-fin-der-1.csv	s_287.png	fin	einerseits	9	der	t	-	0.0	False	False	fin	na	1	ts	s#	ts#	top	middle	227116	1220084	12.33322058218325	14.014431086413596	0.002192758045713419	0.011779658885530791	0.04172617724384119	0.24580201084436043	6.122595145905257	4.441381058263632	52736	10.873072575468	0.0005963340742729928	0.2321985241022209	7.424709520631994
s_288-durchaus-7-fin-stem-1.csv	s_288.png	fin	durchaus	7	stem	u	-	0.0041237113402061	True	False	fin	fin	1	us	s#	us#	line_right	middle	355289	1220084	12.78068963638365	14.014431086413596	0.003430241873331139	0.011779658885530791	0.11054222124872086	0.24580201084436043	5.675124503284333	4.441381058263632	106524	11.576134978368113	0.0012045640725094108	0.29982352394810985	6.721637543044818
s_289-ist-1-mid-stem-1.csv	s_289.png	mid	ist	1	stem	i	t	0.045360824742268	True	False	mid	mid	14	is	st	ist	top	top	589101	897911	13.286354622513352	13.707827346936803	0.005687648415293598	0.008669145148666681	0.08546248093200515	0.180896011552705	5.16945840004886	4.747985091820567	218974	12.296712847031289	0.0024761388345694467	0.37170875622346594	6.001054853611638
s_290-sie-0-ini-stem-1.csv	s_290.png	ini	sie	0	stem	-	i	0.0247422680412371	False	True	ini	ini	8	#s	si	#si	line_right	middle	805056	404512	13.598668361347388	12.910439153406776	0.00777264931246527	0.0039054797662323505	0.053167636198579	0.08149427663232525	4.857144205863322	5.545374643766582	241104	12.392987802237098	0.0027263829384768594	0.2994872406391605	5.904779479243203
s_290-sie-0-ini-stem-2_aux.csv	s_290.png	ini	sie	0	stem	-	i	0.0247422680412371	False	True	ini	ini	8	#s	si	#si	line_right	middle	805056	404512	13.598668361347388	12.910439153406776	0.00777264931246527	0.0039054797662323505	0.053167636198579	0.08149427663232525	4.857144205863322	5.545374643766582	241104	12.392987802237098	0.0027263829384768594	0.2994872406391605	5.904779479243203
s_291-Thoas-4-fin-stem-1.csv	s_291.png	fin	Thoas	4	stem	a	-	0.0371134020618556	True	False	fin	fin	14	as	s#	as#	line_right	middle	442135	1220084	12.999372806039958	14.014431086413596	0.004268722056312645	0.011779658885530791	0.09103041525813346	0.24580201084436043	5.456440780771983	4.441381058263632	237316	12.377152079133063	0.0026835485658785185	0.5367500876429145	5.920615268550091
s_292-ist-1-mid-stem-1.csv	s_292.png	mid	ist	1	stem	i	t	0.045360824742268	True	False	mid	mid	15	is	st	ist	top	top	589101	897911	13.286354622513352	13.707827346936803	0.005687648415293598	0.008669145148666681	0.08546248093200515	0.180896011552705	5.16945840004886	4.747985091820567	218974	12.296712847031289	0.0024761388345694467	0.37170875622346594	6.001054853611638
s_293-überstürtzte-4-mid-stem-1.csv	s_293.png	mid	überstürtzte	4	stem	r	t	0.0	False	False	ini	ini	1	rs	st	rst	top	top	275644	897911	12.526869084909004	13.707827346936803	0.0026612858572387225	0.008669145148666681	0.04275720066942497	0.180896011552705	5.928945868014112	4.747985091820567	94939	11.461000392105309	0.0010735619060490682	0.34442614386672665	6.836773274819492
s_293-überstürtzte-4-mid-stem-2_aux.csv	s_293.png	mid	überstürtzte	4	stem	r	t	0.0	False	False	ini	ini	1	rs	st	rst	top	top	275644	897911	12.526869084909004	13.707827346936803	0.0026612858572387225	0.008669145148666681	0.04275720066942497	0.180896011552705	5.928945868014112	4.747985091820567	94939	11.461000392105309	0.0010735619060490682	0.34442614386672665	6.836773274819492
s_294-zustande-2-mid-stem-1.csv	s_294.png	mid	zustande	2	stem	u	t	0.0	True	False	ini	ini	1	us	st	ust	line_right	top	355289	897911	12.78068963638365	13.707827346936803	0.003430241873331139	0.008669145148666681	0.11054222124872086	0.180896011552705	5.675124503284333	4.747985091820567	31744	10.36549051160455	0.00035895837480510247	0.08934698231580487	7.932304123816539
s_295-herstellen-3-mid-stem-1.csv	s_295.png	mid	herstellen	3	stem	r	t	0.0	False	False	ini	ini	1	rs	st	rst	top	top	275644	897911	12.526869084909004	13.707827346936803	0.0026612858572387225	0.008669145148666681	0.04275720066942497	0.180896011552705	5.928945868014112	4.747985091820567	94939	11.461000392105309	0.0010735619060490682	0.34442614386672665	6.836773274819492
s_296-andererseits-7-mid-stem-1.csv	s_296.png	mid	andererseits	7	stem	r	e	0.0	False	True	ini	ini	1	rs	se	rse	top	line	275644	594667	12.526869084909004	13.295758545603935	0.0026612858572387225	0.005741386995060945	0.04275720066942497	0.11980350892461772	5.928945868014112	5.160054461069925	13479	9.508962384466297	0.00015241935275951286	0.048900030474089765	8.788874936162868
s_297-andererseits-11-fin-der-1.csv	s_297.png	fin	andererseits	11	der	t	-	0.0	False	False	fin	na	1	ts	s#	ts#	top	middle	227116	1220084	12.33322058218325	14.014431086413596	0.002192758045713419	0.011779658885530791	0.04172617724384119	0.24580201084436043	6.122595145905257	4.441381058263632	52736	10.873072575468	0.0005963340742729928	0.2321985241022209	7.424709520631994
s_297-andererseits-11-fin-der-2_aux.csv	s_297.png	fin	andererseits	11	der	t	-	0.0	False	False	fin	na	1	ts	s#	ts#	top	middle	227116	1220084	12.33322058218325	14.014431086413596	0.002192758045713419	0.011779658885530791	0.04172617724384119	0.24580201084436043	6.122595145905257	4.441381058263632	52736	10.873072575468	0.0005963340742729928	0.2321985241022209	7.424709520631994
s_298-fest-2-mid-stem-1.csv	s_298.png	mid	fest	2	stem	e	t	0.0041237113402061	True	False	mid	mid	2	es	st	est	line_right	top	789215	897911	13.57879532661997	13.707827346936803	0.00761970773106129	0.008669145148666681	0.05653990658627244	0.180896011552705	4.877017265522941	4.747985091820567	118090	11.67921079267701	0.0013353513886320107	0.14962969533016984	6.618560809305811
s_298-fest-2-mid-stem-2_aux.csv	s_298.png	mid	fest	2	stem	e	t	0.0041237113402061	True	False	mid	mid	2	es	st	est	line_right	top	789215	897911	13.57879532661997	13.707827346936803	0.00761970773106129	0.008669145148666681	0.05653990658627244	0.180896011552705	4.877017265522941	4.747985091820567	118090	11.67921079267701	0.0013353513886320107	0.14962969533016984	6.618560809305811
s_299-einsichtige-3-mid-stem-1.csv	s_299.png	mid	einsichtige	3	stem	n	i	0.0	False	True	ini	ini	1	ns	si	nsi	line_right	middle	329428	404512	12.705116131709016	12.910439153406776	0.0031805592625939174	0.0039054797662323505	0.0385837703797871	0.08149427663232525	5.75069822891292	5.545374643766582	15542	9.651365655482898	0.00017574757627333992	0.047178746190366334	8.64646181813195
s_300-Pflichtbewußtsein-13-mid-stem-1.csv	s_300.png	mid	Pflichtbewußtsein	13	stem	t	e	0.0	False	True	ini	ini	1	ts	se	tse	top	line	227116	594667	12.33322058218325	13.295758545603935	0.002192758045713419	0.005741386995060945	0.04172617724384119	0.11980350892461772	6.122595145905257	5.160054461069925	6739	8.815815203906352	7.620402242350005e-05	0.029672061853854417	9.48209630895492
s_300-Pflichtbewußtsein-13-mid-stem-2_aux.csv	s_300.png	mid	Pflichtbewußtsein	13	stem	t	e	0.0	False	True	ini	ini	1	ts	se	tse	top	line	227116	594667	12.33322058218325	13.295758545603935	0.002192758045713419	0.005741386995060945	0.04172617724384119	0.11980350892461772	6.122595145905257	5.160054461069925	6739	8.815815203906352	7.620402242350005e-05	0.029672061853854417	9.48209630895492
s_301-sie-0-ini-stem-1.csv	s_301.png	ini	sie	0	stem	-	i	0.0247422680412371	False	True	ini	ini	9	#s	si	#si	line_right	middle	805056	404512	13.598668361347388	12.910439153406776	0.00777264931246527	0.0039054797662323505	0.053167636198579	0.08149427663232525	4.857144205863322	5.545374643766582	241104	12.392987802237098	0.0027263829384768594	0.2994872406391605	5.904779479243203
s_301-sie-0-ini-stem-2_aux.csv	s_301.png	ini	sie	0	stem	-	i	0.0247422680412371	False	True	ini	ini	9	#s	si	#si	line_right	middle	805056	404512	13.598668361347388	12.910439153406776	0.00777264931246527	0.0039054797662323505	0.053167636198579	0.08149427663232525	4.857144205863322	5.545374643766582	241104	12.392987802237098	0.0027263829384768594	0.2994872406391605	5.904779479243203
s_302-sich-0-ini-stem-1.csv	s_302.png	ini	sich	0	stem	-	i	0.0412371134020618	False	True	ini	ini	15	#s	si	#si	line_right	middle	805056	404512	13.598668361347388	12.910439153406776	0.00777264931246527	0.0039054797662323505	0.053167636198579	0.08149427663232525	4.857144205863322	5.545374643766582	241104	12.392987802237098	0.0027263829384768594	0.2994872406391605	5.904779479243203
s_303-ist-1-mid-stem-1.csv	s_303.png	mid	ist	1	stem	i	t	0.045360824742268	True	False	mid	mid	16	is	st	ist	top	top	589101	897911	13.286354622513352	13.707827346936803	0.005687648415293598	0.008669145148666681	0.08546248093200515	0.180896011552705	5.16945840004886	4.747985091820567	218974	12.296712847031289	0.0024761388345694467	0.37170875622346594	6.001054853611638
s_304-diese-3-mid-stem-1.csv	s_304.png	mid	diese	3	stem	e	e	0.0144329896907216	True	True	ini	fin	5	es	se	ese	line_right	line	789215	594667	13.57879532661997	13.295758545603935	0.00761970773106129	0.005741386995060945	0.05653990658627244	0.11980350892461772	4.877017265522941	5.160054461069925	107367	11.584017465077642	0.0012140966427576687	0.13604277668315984	6.713754982628885
s_305-das-2-fin-flex-1.csv	s_305.png	fin	das	2	flex	a	-	0.0288659793814433	True	False	fin	fin	7	as	s#	as#	line_right	middle	442135	1220084	12.999372806039958	14.014431086413596	0.004268722056312645	0.011779658885530791	0.09103041525813346	0.24580201084436043	5.456440780771983	4.441381058263632	237316	12.377152079133063	0.0026835485658785185	0.5367500876429145	5.920615268550091
s_306-sie-0-ini-stem-1.csv	s_306.png	ini	sie	0	stem	-	i	0.0247422680412371	False	True	ini	ini	10	#s	si	#si	line_right	middle	805056	404512	13.598668361347388	12.910439153406776	0.00777264931246527	0.0039054797662323505	0.053167636198579	0.08149427663232525	4.857144205863322	5.545374643766582	241104	12.392987802237098	0.0027263829384768594	0.2994872406391605	5.904779479243203
s_307-des-2-fin-flex-1.csv	s_307.png	fin	des	2	flex	e	-	0.0123711340206185	True	False	fin	fin	6	es	s#	es#	line_right	middle	789215	1220084	13.57879532661997	14.014431086413596	0.00761970773106129	0.011779658885530791	0.05653990658627244	0.24580201084436043	4.877017265522941	4.441381058263632	316197	12.664123878626816	0.003575528012797662	0.4006474788238946	5.633642417854672
s_308-Königs-5-fin-flex-1.csv	s_308.png	fin	Königs	5	flex	g	-	0.0041237113402061	False	False	fin	na	2	gs	s#	gs#	line_right	middle	112622	1220084	11.631801236706348	14.014431086413596	0.001087342136284263	0.011779658885530791	0.04731406495044547	0.24580201084436043	6.824018967575922	4.441381058263632	22866	10.037450102199095	0.0002585667275168055	0.20303315515618617	8.260356763799223
s_309-setzt-0-ini-stem-1.csv	s_309.png	ini	setzt	0	stem	-	e	0.0	False	True	ini	ini	1	#s	se	#se	line_right	line	805056	594667	13.598668361347388	13.295758545603935	0.00777264931246527	0.005741386995060945	0.053167636198579	0.11980350892461772	4.857144205863322	5.160054461069925	175181	12.073580712480313	0.0019809314218980803	0.217601011606646	6.224188129786149
s_310-durchaus-7-fin-stem-1.csv	s_310.png	fin	durchaus	7	stem	u	-	0.0041237113402061	True	False	fin	fin	2	us	s#	us#	line_right	middle	355289	1220084	12.78068963638365	14.014431086413596	0.003430241873331139	0.011779658885530791	0.11054222124872086	0.24580201084436043	5.675124503284333	4.441381058263632	106524	11.576134978368113	0.0012045640725094108	0.29982352394810985	6.721637543044818
s_311-Thoas-4-fin-stem-1.csv	s_311.png	fin	Thoas	4	stem	a	-	0.0371134020618556	True	False	fin	fin	15	as	s#	as#	line_right	middle	442135	1220084	12.999372806039958	14.014431086413596	0.004268722056312645	0.011779658885530791	0.09103041525813346	0.24580201084436043	5.456440780771983	4.441381058263632	237316	12.377152079133063	0.0026835485658785185	0.5367500876429145	5.920615268550091
s_312-eines-4-fin-flex-1.csv	s_312.png	fin	eines	4	flex	e	-	0.0041237113402061	True	False	fin	fin	1	es	s#	es#	line_right	middle	789215	1220084	13.57879532661997	14.014431086413596	0.00761970773106129	0.011779658885530791	0.05653990658627244	0.24580201084436043	4.877017265522941	4.441381058263632	316197	12.664123878626816	0.003575528012797662	0.4006474788238946	5.633642417854672
s_312-eines-4-fin-flex-2_aux.csv	s_312.png	fin	eines	4	flex	e	-	0.0041237113402061	True	False	fin	fin	1	es	s#	es#	line_right	middle	789215	1220084	13.57879532661997	14.014431086413596	0.00761970773106129	0.011779658885530791	0.05653990658627244	0.24580201084436043	4.877017265522941	4.441381058263632	316197	12.664123878626816	0.003575528012797662	0.4006474788238946	5.633642417854672
s_313-klassischen-3-mid-stem-1.csv	s_313.png	mid	klassischen	3	stem	a	s	0.0	True	False	fin	mid	1	as	ss	ass	line_right	middle	442135	370866	12.999372806039958	12.82359878675043	0.004268722056312645	0.003580634589291608	0.09103041525813346	0.07471584624813092	5.456440780771983	5.63221523469949	130273	11.777395203678102	0.0014731156867749846	0.2946453006434686	6.520375606381273
s_313-klassischen-3-mid-stem-2_aux.csv	s_313.png	mid	klassischen	3	stem	a	s	0.0	True	False	fin	mid	1	as	ss	ass	line_right	middle	442135	370866	12.999372806039958	12.82359878675043	0.004268722056312645	0.003580634589291608	0.09103041525813346	0.07471584624813092	5.456440780771983	5.63221523469949	130273	11.777395203678102	0.0014731156867749846	0.2946453006434686	6.520375606381273
s_314-klassischen-4-mid-stem-1.csv	s_314.png	mid	klassischen	4	stem	s	i	0.0	False	True	ini	fin	1	ss	si	ssi	line_left	middle	370866	404512	12.82359878675043	12.910439153406776	0.003580634589291608	0.0039054797662323505	0.07471584624813092	0.08149427663232525	5.63221523469949	5.545374643766582	38348	10.55448373083613	0.0004336358290393797	0.10340122847605335	7.743305479704251
s_315-klassischen-6-mid-der-1.csv	s_315.png	mid	klassischen	6	der	i	c	0.0	True	False	ini	mid	1	is	sc	isc	top	middle	589101	553042	13.286354622513352	13.223191035166852	0.005687648415293598	0.005339506222007435	0.08546248093200515	0.11141760377268022	5.16945840004886	5.232622098074313	143030	11.870816668964741	0.0016173707267002836	0.24279368054034878	6.426953456452193
s_315-klassischen-6-mid-der-2_aux.csv	s_315.png	mid	klassischen	6	der	i	c	0.0	True	False	ini	mid	1	is	sc	isc	top	middle	589101	553042	13.286354622513352	13.223191035166852	0.005687648415293598	0.005339506222007435	0.08546248093200515	0.11141760377268022	5.16945840004886	5.232622098074313	143030	11.870816668964741	0.0016173707267002836	0.24279368054034878	6.426953456452193
s_315-klassischen-6-mid-der-3_aux.csv	s_315.png	mid	klassischen	6	der	i	c	0.0	True	False	ini	mid	1	is	sc	isc	top	middle	589101	553042	13.286354622513352	13.223191035166852	0.005687648415293598	0.005339506222007435	0.08546248093200515	0.11141760377268022	5.16945840004886	5.232622098074313	143030	11.870816668964741	0.0016173707267002836	0.24279368054034878	6.426953456452193
s_316-Menschen-3-mid-stem-1.csv	s_316.png	mid	Menschen	3	stem	n	c	0.0206185567010309	False	False	ini	mid	2	ns	sc	nsc	line_right	middle	329428	553042	12.705116131709016	13.223191035166852	0.0031805592625939174	0.005339506222007435	0.0385837703797871	0.11141760377268022	5.75069822891292	5.232622098074313	55383	10.922046022357861	0.0006262661186942726	0.16811867843656278	7.375735167462459
s_316-Menschen-3-mid-stem-2_aux.csv	s_316.png	mid	Menschen	3	stem	n	c	0.0206185567010309	False	False	ini	mid	2	ns	sc	nsc	line_right	middle	329428	553042	12.705116131709016	13.223191035166852	0.0031805592625939174	0.005339506222007435	0.0385837703797871	0.11141760377268022	5.75069822891292	5.232622098074313	55383	10.922046022357861	0.0006262661186942726	0.16811867843656278	7.375735167462459
s_317-ist-1-mid-stem-1.csv	s_317.png	mid	ist	1	stem	i	t	0.045360824742268	True	False	mid	mid	17	is	st	ist	top	top	589101	897911	13.286354622513352	13.707827346936803	0.005687648415293598	0.008669145148666681	0.08546248093200515	0.180896011552705	5.16945840004886	4.747985091820567	218974	12.296712847031289	0.0024761388345694467	0.37170875622346594	6.001054853611638
s_318-Wünschen-3-mid-stem-1.csv	s_318.png	mid	Wünschen	3	stem	n	c	0.0	False	False	ini	mid	1	ns	sc	nsc	line_right	middle	329428	553042	12.705116131709016	13.223191035166852	0.0031805592625939174	0.005339506222007435	0.0385837703797871	0.11141760377268022	5.75069822891292	5.232622098074313	55383	10.922046022357861	0.0006262661186942726	0.16811867843656278	7.375735167462459
s_318-Wünschen-3-mid-stem-2_aux.csv	s_318.png	mid	Wünschen	3	stem	n	c	0.0	False	False	ini	mid	1	ns	sc	nsc	line_right	middle	329428	553042	12.705116131709016	13.223191035166852	0.0031805592625939174	0.005339506222007435	0.0385837703797871	0.11141760377268022	5.75069822891292	5.232622098074313	55383	10.922046022357861	0.0006262661186942726	0.16811867843656278	7.375735167462459
s_319-Iphigenies-9-fin-flex-1.csv	s_319.png	fin	Iphigenies	9	flex	e	-	0.0103092783505154	True	False	fin	na	5	es	s#	es#	line_right	middle	789215	1220084	13.57879532661997	14.014431086413596	0.00761970773106129	0.011779658885530791	0.05653990658627244	0.24580201084436043	4.877017265522941	4.441381058263632	316197	12.664123878626816	0.003575528012797662	0.4006474788238946	5.633642417854672
s_320-sie-0-ini-stem-1.csv	s_320.png	ini	sie	0	stem	-	i	0.0247422680412371	False	True	ini	ini	11	#s	si	#si	line_right	middle	805056	404512	13.598668361347388	12.910439153406776	0.00777264931246527	0.0039054797662323505	0.053167636198579	0.08149427663232525	4.857144205863322	5.545374643766582	241104	12.392987802237098	0.0027263829384768594	0.2994872406391605	5.904779479243203
s_321-seiner-0-ini-stem-1.csv	s_321.png	ini	seiner	0	stem	-	e	0.0061855670103092	False	True	ini	ini	1	#s	se	#se	line_right	line	805056	594667	13.598668361347388	13.295758545603935	0.00777264931246527	0.005741386995060945	0.053167636198579	0.11980350892461772	4.857144205863322	5.160054461069925	175181	12.073580712480313	0.0019809314218980803	0.217601011606646	6.224188129786149
s_321-seiner-0-ini-stem-2_aux.csv	s_321.png	ini	seiner	0	stem	-	e	0.0061855670103092	False	True	ini	ini	1	#s	se	#se	line_right	line	805056	594667	13.598668361347388	13.295758545603935	0.00777264931246527	0.005741386995060945	0.053167636198579	0.11980350892461772	4.857144205863322	5.160054461069925	175181	12.073580712480313	0.0019809314218980803	0.217601011606646	6.224188129786149
s_322-sagt-0-ini-stem-1.csv	s_322.png	ini	sagt	0	stem	-	a	0.0041237113402061	False	True	ini	ini	1	#s	sa	#sa	line_right	middle	805056	148190	13.598668361347388	11.906257261255119	0.00777264931246527	0.00143074382603723	0.053167636198579	0.029854829656831637	4.857144205863322	6.549560811877642	33761	10.427091188661334	0.0003817664343433425	0.041936213132999445	7.870701564776853
s_323-Thoas-4-fin-stem-1.csv	s_323.png	fin	Thoas	4	stem	a	-	0.0371134020618556	True	False	fin	fin	16	as	s#	as#	line_right	middle	442135	1220084	12.999372806039958	14.014431086413596	0.004268722056312645	0.011779658885530791	0.09103041525813346	0.24580201084436043	5.456440780771983	4.441381058263632	237316	12.377152079133063	0.0026835485658785185	0.5367500876429145	5.920615268550091
s_324-gewisse-4-mid-stem-1.csv	s_324.png	mid	gewisse	4	stem	i	s	0.0	True	False	fin	mid	1	is	ss	iss	top	middle	589101	370866	13.286354622513352	12.82359878675043	0.005687648415293598	0.003580634589291608	0.08546248093200515	0.07471584624813092	5.16945840004886	5.63221523469949	36997	10.518619136111335	0.0004183588392346389	0.06280247359960346	7.779171026643106
s_325-gewisse-5-mid-stem-1.csv	s_325.png	mid	gewisse	5	stem	s	e	0.0	False	True	ini	fin	1	ss	se	sse	line_left	line	370866	594667	12.82359878675043	13.295758545603935	0.003580634589291608	0.005741386995060945	0.07471584624813092	0.11980350892461772	5.63221523469949	5.160054461069925	133233	11.7998622597716	0.001506587107812759	0.35924835385287407	6.49790837974937
s_325-gewisse-5-mid-stem-2_aux.csv	s_325.png	mid	gewisse	5	stem	s	e	0.0	False	True	ini	fin	1	ss	se	sse	line_left	line	370866	594667	12.82359878675043	13.295758545603935	0.003580634589291608	0.005741386995060945	0.07471584624813092	0.11980350892461772	5.63221523469949	5.160054461069925	133233	11.7998622597716	0.001506587107812759	0.35924835385287407	6.49790837974937
s_326-dies-3-fin-stem-1.csv	s_326.png	fin	dies	3	stem	e	-	0.0041237113402061	True	False	fin	fin	1	es	s#	es#	line_right	middle	789215	1220084	13.57879532661997	14.014431086413596	0.00761970773106129	0.011779658885530791	0.05653990658627244	0.24580201084436043	4.877017265522941	4.441381058263632	316197	12.664123878626816	0.003575528012797662	0.4006474788238946	5.633642417854672
s_326-dies-3-fin-stem-2_aux.csv	s_326.png	fin	dies	3	stem	e	-	0.0041237113402061	True	False	fin	fin	1	es	s#	es#	line_right	middle	789215	1220084	13.57879532661997	14.014431086413596	0.00761970773106129	0.011779658885530791	0.05653990658627244	0.24580201084436043	4.877017265522941	4.441381058263632	316197	12.664123878626816	0.003575528012797662	0.4006474788238946	5.633642417854672
s_327-Thoas-4-fin-stem-1.csv	s_327.png	fin	Thoas	4	stem	a	-	0.0371134020618556	True	False	fin	fin	17	as	s#	as#	line_right	middle	442135	1220084	12.999372806039958	14.014431086413596	0.004268722056312645	0.011779658885530791	0.09103041525813346	0.24580201084436043	5.456440780771983	4.441381058263632	237316	12.377152079133063	0.0026835485658785185	0.5367500876429145	5.920615268550091
s_328-sich-0-ini-stem-1.csv	s_328.png	ini	sich	0	stem	-	i	0.0412371134020618	False	True	ini	ini	16	#s	si	#si	line_right	middle	805056	404512	13.598668361347388	12.910439153406776	0.00777264931246527	0.0039054797662323505	0.053167636198579	0.08149427663232525	4.857144205863322	5.545374643766582	241104	12.392987802237098	0.0027263829384768594	0.2994872406391605	5.904779479243203
s_329-dies-3-fin-stem-1.csv	s_329.png	fin	dies	3	stem	e	-	0.0041237113402061	True	False	fin	fin	2	es	s#	es#	line_right	middle	789215	1220084	13.57879532661997	14.014431086413596	0.00761970773106129	0.011779658885530791	0.05653990658627244	0.24580201084436043	4.877017265522941	4.441381058263632	316197	12.664123878626816	0.003575528012797662	0.4006474788238946	5.633642417854672
s_330-als-2-fin-stem-1.csv	s_330.png	fin	als	2	stem	l	-	0.0144329896907216	False	False	fin	fin	6	ls	s#	ls#	line_right	middle	158564	1220084	11.973919882870874	14.014431086413596	0.0015309026522151788	0.011779658885530791	0.0508410721116372	0.24580201084436043	6.481897748772857	4.441381058263632	109912	11.607444422750037	0.0012428752801026469	0.6931712116243284	6.690327809297354
s_331-seine-0-ini-stem-1.csv	s_331.png	ini	seine	0	stem	-	e	0.0103092783505154	False	True	ini	ini	3	#s	se	#se	line_right	line	805056	594667	13.598668361347388	13.295758545603935	0.00777264931246527	0.005741386995060945	0.053167636198579	0.11980350892461772	4.857144205863322	5.160054461069925	175181	12.073580712480313	0.0019809314218980803	0.217601011606646	6.224188129786149
s_332-das-2-fin-flex-1.csv	s_332.png	fin	das	2	flex	a	-	0.0288659793814433	True	False	fin	fin	8	as	s#	as#	line_right	middle	442135	1220084	12.999372806039958	14.014431086413596	0.004268722056312645	0.011779658885530791	0.09103041525813346	0.24580201084436043	5.456440780771983	4.441381058263632	237316	12.377152079133063	0.0026835485658785185	0.5367500876429145	5.920615268550091
s_333-skythische-0-ini-stem-1.csv	s_333.png	ini	skythische	0	stem	-	k	0.0	False	False	ini	ini	1	#s	sk	#sk	line_right	top	805056	38513	13.598668361347388	10.558777090539833	0.00777264931246527	0.0003718350561587951	0.053167636198579	0.007758951714512159	4.857144205863322	7.897060199443426	914	6.818924065275521	1.0335432036664052e-05	0.0011353247475951983	11.479932562446988
s_333-skythische-0-ini-stem-2_aux.csv	s_333.png	ini	skythische	0	stem	-	k	0.0	False	False	ini	ini	1	#s	sk	#sk	line_right	top	805056	38513	13.598668361347388	10.558777090539833	0.00777264931246527	0.0003718350561587951	0.053167636198579	0.007758951714512159	4.857144205863322	7.897060199443426	914	6.818924065275521	1.0335432036664052e-05	0.0011353247475951983	11.479932562446988
s_334-skythische-6-mid-der-1.csv	s_334.png	mid	skythische	6	der	i	c	0.0	True	False	ini	mid	1	is	sc	isc	top	middle	589101	553042	13.286354622513352	13.223191035166852	0.005687648415293598	0.005339506222007435	0.08546248093200515	0.11141760377268022	5.16945840004886	5.232622098074313	143030	11.870816668964741	0.0016173707267002836	0.24279368054034878	6.426953456452193
s_334-skythische-6-mid-der-2_aux.csv	s_334.png	mid	skythische	6	der	i	c	0.0	True	False	ini	mid	1	is	sc	isc	top	middle	589101	553042	13.286354622513352	13.223191035166852	0.005687648415293598	0.005339506222007435	0.08546248093200515	0.11141760377268022	5.16945840004886	5.232622098074313	143030	11.870816668964741	0.0016173707267002836	0.24279368054034878	6.426953456452193
s_335-entscheidet-3-mid-stem-1.csv	s_335.png	mid	entscheidet	3	stem	t	c	0.0	False	False	ini	ini	1	ts	sc	tsc	top	middle	227116	553042	12.33322058218325	13.223191035166852	0.002192758045713419	0.005339506222007435	0.04172617724384119	0.11141760377268022	6.122595145905257	5.232622098074313	71481	11.17720094873644	0.000808300894324708	0.3147334401803484	7.12057617479838
s_335-entscheidet-3-mid-stem-2_aux.csv	s_335.png	mid	entscheidet	3	stem	t	c	0.0	False	False	ini	ini	1	ts	sc	tsc	top	middle	227116	553042	12.33322058218325	13.223191035166852	0.002192758045713419	0.005339506222007435	0.04172617724384119	0.11141760377268022	6.122595145905257	5.232622098074313	71481	11.17720094873644	0.000808300894324708	0.3147334401803484	7.12057617479838
s_336-lassen-2-mid-stem-1.csv	s_336.png	mid	lassen	2	stem	a	s	0.0	True	False	fin	mid	1	as	ss	ass	line_right	middle	442135	370866	12.999372806039958	12.82359878675043	0.004268722056312645	0.003580634589291608	0.09103041525813346	0.07471584624813092	5.456440780771983	5.63221523469949	130273	11.777395203678102	0.0014731156867749846	0.2946453006434686	6.520375606381273
s_337-lassen-3-mid-stem-1.csv	s_337.png	mid	lassen	3	stem	s	e	0.0	False	True	ini	fin	1	ss	se	sse	line_left	line	370866	594667	12.82359878675043	13.295758545603935	0.003580634589291608	0.005741386995060945	0.07471584624813092	0.11980350892461772	5.63221523469949	5.160054461069925	133233	11.7998622597716	0.001506587107812759	0.35924835385287407	6.49790837974937
s_338-stellt-0-ini-stem-1.csv	s_338.png	ini	stellt	0	stem	-	t	0.0	False	False	ini	ini	1	#s	st	#st	line_right	top	805056	897911	13.598668361347388	13.707827346936803	0.00777264931246527	0.008669145148666681	0.053167636198579	0.180896011552705	4.857144205863322	4.747985091820567	90506	11.413182474763108	0.0010234339298799964	0.11242199300421338	6.884591708068217
s_339-seine-0-ini-stem-1.csv	s_339.png	ini	seine	0	stem	-	e	0.0103092783505154	False	True	ini	ini	4	#s	se	#se	line_right	line	805056	594667	13.598668361347388	13.295758545603935	0.00777264931246527	0.005741386995060945	0.053167636198579	0.11980350892461772	4.857144205863322	5.160054461069925	175181	12.073580712480313	0.0019809314218980803	0.217601011606646	6.224188129786149
s_340-Wünsche-3-mid-stem-1.csv	s_340.png	mid	Wünsche	3	stem	n	c	0.0041237113402061	False	False	ini	mid	2	ns	sc	nsc	line_right	middle	329428	553042	12.705116131709016	13.223191035166852	0.0031805592625939174	0.005339506222007435	0.0385837703797871	0.11141760377268022	5.75069822891292	5.232622098074313	55383	10.922046022357861	0.0006262661186942726	0.16811867843656278	7.375735167462459
s_341-sogar-0-ini-stem-1.csv	s_341.png	ini	sogar	0	stem	-	o	0.0123711340206185	False	True	ini	ini	5	#s	so	#so	line_right	middle	805056	201358	13.598668361347388	12.212844663567227	0.00777264931246527	0.0019440698786909007	0.053167636198579	0.04056622437438629	4.857144205863322	6.242971627761273	126005	11.744084803847484	0.0014248535161705185	0.1565170621671039	6.553686266215172
s_342-sein-0-ini-stem-1.csv	s_342.png	ini	sein	0	stem	-	e	0.0082474226804123	False	True	ini	ini	3	#s	se	#se	line_right	line	805056	594667	13.598668361347388	13.295758545603935	0.00777264931246527	0.005741386995060945	0.053167636198579	0.11980350892461772	4.857144205863322	5.160054461069925	175181	12.073580712480313	0.0019809314218980803	0.217601011606646	6.224188129786149
s_342-sein-0-ini-stem-2_aux.csv	s_342.png	ini	sein	0	stem	-	e	0.0082474226804123	False	True	ini	ini	3	#s	se	#se	line_right	line	805056	594667	13.598668361347388	13.295758545603935	0.00777264931246527	0.005741386995060945	0.053167636198579	0.11980350892461772	4.857144205863322	5.160054461069925	175181	12.073580712480313	0.0019809314218980803	0.217601011606646	6.224188129786149
s_342-sein-0-ini-stem-3_aux.csv	s_342.png	ini	sein	0	stem	-	e	0.0082474226804123	False	True	ini	ini	3	#s	se	#se	line_right	line	805056	594667	13.598668361347388	13.295758545603935	0.00777264931246527	0.005741386995060945	0.053167636198579	0.11980350892461772	4.857144205863322	5.160054461069925	175181	12.073580712480313	0.0019809314218980803	0.217601011606646	6.224188129786149
s_343-als-2-fin-stem-1.csv	s_343.png	fin	als	2	stem	l	-	0.0144329896907216	False	False	fin	fin	7	ls	s#	ls#	line_right	middle	158564	1220084	11.973919882870874	14.014431086413596	0.0015309026522151788	0.011779658885530791	0.0508410721116372	0.24580201084436043	6.481897748772857	4.441381058263632	109912	11.607444422750037	0.0012428752801026469	0.6931712116243284	6.690327809297354
s_344-unbeschadete-4-mid-stem-1.csv	s_344.png	mid	unbeschadete	4	stem	e	c	0.0	True	False	ini	ini	1	es	sc	esc	line_right	middle	789215	553042	13.57879532661997	13.223191035166852	0.00761970773106129	0.005339506222007435	0.05653990658627244	0.11141760377268022	4.877017265522941	5.232622098074313	59697	10.997053797982007	0.000675048453274326	0.07564098502942798	7.300726087039362
s_344-unbeschadete-4-mid-stem-2_aux.csv	s_344.png	mid	unbeschadete	4	stem	e	c	0.0	True	False	ini	ini	1	es	sc	esc	line_right	middle	789215	553042	13.57879532661997	13.223191035166852	0.00761970773106129	0.005339506222007435	0.05653990658627244	0.11141760377268022	4.877017265522941	5.232622098074313	59697	10.997053797982007	0.000675048453274326	0.07564098502942798	7.300726087039362
s_345-Es-1-fin-stem-1.csv	s_345.png	fin	Es	1	stem	E	-	0.0	True	False	fin	fin	1	Es	s#	Es#	line_right	middle	27831	1220084	10.233941716831778	14.014431086413596	0.000268702553630084	0.011779658885530791	0.08503052189694048	0.24580201084436043	8.221905538740485	4.441381058263632	23360	10.058823244245096	0.0002641528362981097	0.8393518019474686	8.238982696958974
s_345-Es-1-fin-stem-2_aux.csv	s_345.png	fin	Es	1	stem	E	-	0.0	True	False	fin	fin	1	Es	s#	Es#	line_right	middle	27831	1220084	10.233941716831778	14.014431086413596	0.000268702553630084	0.011779658885530791	0.08503052189694048	0.24580201084436043	8.221905538740485	4.441381058263632	23360	10.058823244245096	0.0002641528362981097	0.8393518019474686	8.238982696958974
s_346-ist-1-mid-stem-1.csv	s_346.png	mid	ist	1	stem	i	t	0.045360824742268	True	False	mid	mid	18	is	st	ist	top	top	589101	897911	13.286354622513352	13.707827346936803	0.005687648415293598	0.008669145148666681	0.08546248093200515	0.180896011552705	5.16945840004886	4.747985091820567	218974	12.296712847031289	0.0024761388345694467	0.37170875622346594	6.001054853611638
s_347-sehr-0-ini-stem-1.csv	s_347.png	ini	sehr	0	stem	-	e	0.0	False	True	ini	ini	1	#s	se	#se	line_right	line	805056	594667	13.598668361347388	13.295758545603935	0.00777264931246527	0.005741386995060945	0.053167636198579	0.11980350892461772	4.857144205863322	5.160054461069925	175181	12.073580712480313	0.0019809314218980803	0.217601011606646	6.224188129786149
s_348-Thoas-4-fin-stem-1.csv	s_348.png	fin	Thoas	4	stem	a	-	0.0371134020618556	True	False	fin	fin	18	as	s#	as#	line_right	middle	442135	1220084	12.999372806039958	14.014431086413596	0.004268722056312645	0.011779658885530791	0.09103041525813346	0.24580201084436043	5.456440780771983	4.441381058263632	237316	12.377152079133063	0.0026835485658785185	0.5367500876429145	5.920615268550091
s_348-Thoas-4-fin-stem-2_aux.csv	s_348.png	fin	Thoas	4	stem	a	-	0.0371134020618556	True	False	fin	fin	18	as	s#	as#	line_right	middle	442135	1220084	12.999372806039958	14.014431086413596	0.004268722056312645	0.011779658885530791	0.09103041525813346	0.24580201084436043	5.456440780771983	4.441381058263632	237316	12.377152079133063	0.0026835485658785185	0.5367500876429145	5.920615268550091
s_349-diese-3-mid-stem-1.csv	s_349.png	mid	diese	3	stem	e	e	0.0144329896907216	True	True	ini	fin	6	es	se	ese	line_right	line	789215	594667	13.57879532661997	13.295758545603935	0.00761970773106129	0.005741386995060945	0.05653990658627244	0.11980350892461772	4.877017265522941	5.160054461069925	107367	11.584017465077642	0.0012140966427576687	0.13604277668315984	6.713754982628885
s_350-Entscheidung-3-mid-stem-1.csv	s_350.png	mid	Entscheidung	3	stem	t	c	0.0	False	False	ini	ini	1	ts	sc	tsc	top	middle	227116	553042	12.33322058218325	13.223191035166852	0.002192758045713419	0.005339506222007435	0.04172617724384119	0.11141760377268022	6.122595145905257	5.232622098074313	71481	11.17720094873644	0.000808300894324708	0.3147334401803484	7.12057617479838
s_350-Entscheidung-3-mid-stem-2_aux.csv	s_350.png	mid	Entscheidung	3	stem	t	c	0.0	False	False	ini	ini	1	ts	sc	tsc	top	middle	227116	553042	12.33322058218325	13.223191035166852	0.002192758045713419	0.005339506222007435	0.04172617724384119	0.11141760377268022	6.122595145905257	5.232622098074313	71481	11.17720094873644	0.000808300894324708	0.3147334401803484	7.12057617479838
s_351-dieser-3-mid-stem-1.csv	s_351.png	mid	dieser	3	stem	e	e	0.0123711340206185	True	True	ini	fin	2	es	se	ese	line_right	line	789215	594667	13.57879532661997	13.295758545603935	0.00761970773106129	0.005741386995060945	0.05653990658627244	0.11980350892461772	4.877017265522941	5.160054461069925	107367	11.584017465077642	0.0012140966427576687	0.13604277668315984	6.713754982628885
s_351-dieser-3-mid-stem-2_aux.csv	s_351.png	mid	dieser	3	stem	e	e	0.0123711340206185	True	True	ini	fin	2	es	se	ese	line_right	line	789215	594667	13.57879532661997	13.295758545603935	0.00761970773106129	0.005741386995060945	0.05653990658627244	0.11980350892461772	4.877017265522941	5.160054461069925	107367	11.584017465077642	0.0012140966427576687	0.13604277668315984	6.713754982628885
s_351-dieser-3-mid-stem-3_aux.csv	s_351.png	mid	dieser	3	stem	e	e	0.0123711340206185	True	True	ini	fin	2	es	se	ese	line_right	line	789215	594667	13.57879532661997	13.295758545603935	0.00761970773106129	0.005741386995060945	0.05653990658627244	0.11980350892461772	4.877017265522941	5.160054461069925	107367	11.584017465077642	0.0012140966427576687	0.13604277668315984	6.713754982628885
s_352-Umstand-2-mid-stem-1.csv	s_352.png	mid	Umstand	2	stem	m	t	0.0	False	False	ini	ini	1	ms	st	mst	line_right	top	36375	897911	10.501664495504846	13.707827346936803	0.0003511931079836983	0.008669145148666681	0.01738064691842922	0.180896011552705	7.954174320588073	4.747985091820567	12295	9.417029285218431	0.0001390307843444032	0.3380068728522337	8.880815179250845
s_353-sagt-0-ini-stem-1.csv	s_353.png	ini	sagt	0	stem	-	a	0.0041237113402061	False	True	ini	ini	2	#s	sa	#sa	line_right	middle	805056	148190	13.598668361347388	11.906257261255119	0.00777264931246527	0.00143074382603723	0.053167636198579	0.029854829656831637	4.857144205863322	6.549560811877642	33761	10.427091188661334	0.0003817664343433425	0.041936213132999445	7.870701564776853
s_353-sagt-0-ini-stem-2_aux.csv	s_353.png	ini	sagt	0	stem	-	a	0.0041237113402061	False	True	ini	ini	2	#s	sa	#sa	line_right	middle	805056	148190	13.598668361347388	11.906257261255119	0.00777264931246527	0.00143074382603723	0.053167636198579	0.029854829656831637	4.857144205863322	6.549560811877642	33761	10.427091188661334	0.0003817664343433425	0.041936213132999445	7.870701564776853
s_354-Humanismustheorie-6-mid-stem-1.csv	s_354.png	mid	Humanismustheorie	6	stem	i	m	0.0	True	False	fin	mid	1	is	sm	ism	top	middle	589101	26356	13.286354622513352	10.179489173338517	0.005687648415293598	0.00025446173344380346	0.08546248093200515	0.005309763752179328	5.16945840004886	8.276360093028156	5818	8.66888370465667	6.578943499924667e-05	0.009876065394558828	9.629051294845992
s_355-Humanismustheorie-9-mid-der-1.csv	s_355.png	mid	Humanismustheorie	9	der	u	t	0.0	True	False	fin	fin	1	us	st	ust	line_right	top	355289	897911	12.78068963638365	13.707827346936803	0.003430241873331139	0.008669145148666681	0.11054222124872086	0.180896011552705	5.675124503284333	4.747985091820567	31744	10.36549051160455	0.00035895837480510247	0.08934698231580487	7.932304123816539
s_355-Humanismustheorie-9-mid-der-2_aux.csv	s_355.png	mid	Humanismustheorie	9	der	u	t	0.0	True	False	fin	fin	1	us	st	ust	line_right	top	355289	897911	12.78068963638365	13.707827346936803	0.003430241873331139	0.008669145148666681	0.11054222124872086	0.180896011552705	5.675124503284333	4.747985091820567	31744	10.36549051160455	0.00035895837480510247	0.08934698231580487	7.932304123816539
s_356-aus-2-fin-stem-1.csv	s_356.png	fin	aus	2	stem	u	-	0.0144329896907216	True	False	fin	fin	7	us	s#	us#	line_right	middle	355289	1220084	12.78068963638365	14.014431086413596	0.003430241873331139	0.011779658885530791	0.11054222124872086	0.24580201084436043	5.675124503284333	4.441381058263632	106524	11.576134978368113	0.0012045640725094108	0.29982352394810985	6.721637543044818
s_356-aus-2-fin-stem-2_aux.csv	s_356.png	fin	aus	2	stem	u	-	0.0144329896907216	True	False	fin	fin	7	us	s#	us#	line_right	middle	355289	1220084	12.78068963638365	14.014431086413596	0.003430241873331139	0.011779658885530791	0.11054222124872086	0.24580201084436043	5.675124503284333	4.441381058263632	106524	11.576134978368113	0.0012045640725094108	0.29982352394810985	6.721637543044818
s_356-aus-2-fin-stem-3_aux.csv	s_356.png	fin	aus	2	stem	u	-	0.0144329896907216	True	False	fin	fin	7	us	s#	us#	line_right	middle	355289	1220084	12.78068963638365	14.014431086413596	0.003430241873331139	0.011779658885530791	0.11054222124872086	0.24580201084436043	5.675124503284333	4.441381058263632	106524	11.576134978368113	0.0012045640725094108	0.29982352394810985	6.721637543044818
s_357-Mensch-3-mid-stem-1.csv	s_357.png	mid	Mensch	3	stem	n	c	0.0103092783505154	False	False	mid	mid	5	ns	sc	nsc	line_right	middle	329428	553042	12.705116131709016	13.223191035166852	0.0031805592625939174	0.005339506222007435	0.0385837703797871	0.11141760377268022	5.75069822891292	5.232622098074313	55383	10.922046022357861	0.0006262661186942726	0.16811867843656278	7.375735167462459
s_358-selbst-0-ini-stem-1.csv	s_358.png	ini	selbst	0	stem	-	e	0.0103092783505154	False	True	ini	ini	5	#s	se	#se	line_right	line	805056	594667	13.598668361347388	13.295758545603935	0.00777264931246527	0.005741386995060945	0.053167636198579	0.11980350892461772	4.857144205863322	5.160054461069925	175181	12.073580712480313	0.0019809314218980803	0.217601011606646	6.224188129786149
s_358-selbst-0-ini-stem-2_aux.csv	s_358.png	ini	selbst	0	stem	-	e	0.0103092783505154	False	True	ini	ini	5	#s	se	#se	line_right	line	805056	594667	13.598668361347388	13.295758545603935	0.00777264931246527	0.005741386995060945	0.053167636198579	0.11980350892461772	4.857144205863322	5.160054461069925	175181	12.073580712480313	0.0019809314218980803	0.217601011606646	6.224188129786149
s_358-selbst-0-ini-stem-3_aux.csv	s_358.png	ini	selbst	0	stem	-	e	0.0103092783505154	False	True	ini	ini	5	#s	se	#se	line_right	line	805056	594667	13.598668361347388	13.295758545603935	0.00777264931246527	0.005741386995060945	0.053167636198579	0.11980350892461772	4.857144205863322	5.160054461069925	175181	12.073580712480313	0.0019809314218980803	0.217601011606646	6.224188129786149
s_359-selbst-4-mid-stem-1.csv	s_359.png	mid	selbst	4	stem	b	t	0.0103092783505154	False	False	mid	mid	1	bs	st	bst	line_left	top	52210	897911	10.863048479640058	13.707827346936803	0.0005040767606275982	0.008669145148666681	0.036176978248773715	0.180896011552705	7.592781998657268	4.747985091820567	25507	10.146747407435162	0.0002884309244630087	0.4885462555066079	8.151054930621621
s_359-selbst-4-mid-stem-2_aux.csv	s_359.png	mid	selbst	4	stem	b	t	0.0103092783505154	False	False	mid	mid	1	bs	st	bst	line_left	top	52210	897911	10.863048479640058	13.707827346936803	0.0005040767606275982	0.008669145148666681	0.036176978248773715	0.180896011552705	7.592781998657268	4.747985091820567	25507	10.146747407435162	0.0002884309244630087	0.4885462555066079	8.151054930621621
s_360-ist-1-mid-stem-1_aux.csv	s_360.png	mid	ist	1	stem	i	t	0.045360824742268	True	False	mid	mid	19	is	st	ist	top	top	589101	897911	13.286354622513352	13.707827346936803	0.005687648415293598	0.008669145148666681	0.08546248093200515	0.180896011552705	5.16945840004886	4.747985091820567	218974	12.296712847031289	0.0024761388345694467	0.37170875622346594	6.001054853611638
s_360-ist-1-mid-stem-2.csv	s_360.png	mid	ist	1	stem	i	t	0.045360824742268	True	False	mid	mid	19	is	st	ist	top	top	589101	897911	13.286354622513352	13.707827346936803	0.005687648415293598	0.008669145148666681	0.08546248093200515	0.180896011552705	5.16945840004886	4.747985091820567	218974	12.296712847031289	0.0024761388345694467	0.37170875622346594	6.001054853611638
s_361-ausgeprägten-2-mid-stem-1.csv	s_361.png	mid	ausgeprägten	2	stem	u	g	0.0	True	False	fin	fin	1	us	sg	usg	line_right	middle	355289	44867	12.78068963638365	10.711480124765114	0.003430241873331139	0.0004331816130832877	0.11054222124872086	0.009039048803651157	5.675124503284333	7.744353488144304	22874	10.037799890143722	0.00025865719081690755	0.06438139092400834	8.260006960559977
s_362-sein-0-ini-stem-1.csv	s_362.png	ini	sein	0	stem	-	e	0.0082474226804123	False	True	ini	ini	4	#s	se	#se	line_right	line	805056	594667	13.598668361347388	13.295758545603935	0.00777264931246527	0.005741386995060945	0.053167636198579	0.11980350892461772	4.857144205863322	5.160054461069925	175181	12.073580712480313	0.0019809314218980803	0.217601011606646	6.224188129786149
s_363-seinem-0-ini-stem-1.csv	s_363.png	ini	seinem	0	stem	-	e	0.0	False	True	ini	ini	1	#s	se	#se	line_right	line	805056	594667	13.598668361347388	13.295758545603935	0.00777264931246527	0.005741386995060945	0.053167636198579	0.11980350892461772	4.857144205863322	5.160054461069925	175181	12.073580712480313	0.0019809314218980803	0.217601011606646	6.224188129786149
s_364-Krisen-3-mid-stem-1.csv	s_364.png	mid	Krisen	3	stem	i	e	0.0	True	True	ini	mid	1	is	se	ise	top	line	589101	594667	13.286354622513352	13.295758545603935	0.005687648415293598	0.005741386995060945	0.08546248093200515	0.11980350892461772	5.16945840004886	5.160054461069925	40316	10.604528495215174	0.0004558898008644944	0.06843648202939734	7.69325944242637
s_364-Krisen-3-mid-stem-2_aux.csv	s_364.png	mid	Krisen	3	stem	i	e	0.0	True	True	ini	mid	1	is	se	ise	top	line	589101	594667	13.286354622513352	13.295758545603935	0.005687648415293598	0.005741386995060945	0.08546248093200515	0.11980350892461772	5.16945840004886	5.160054461069925	40316	10.604528495215174	0.0004558898008644944	0.06843648202939734	7.69325944242637
s_365-das-2-fin-flex-1.csv	s_365.png	fin	das	2	flex	a	-	0.0288659793814433	True	False	fin	fin	9	as	s#	as#	line_right	middle	442135	1220084	12.999372806039958	14.014431086413596	0.004268722056312645	0.011779658885530791	0.09103041525813346	0.24580201084436043	5.456440780771983	4.441381058263632	237316	12.377152079133063	0.0026835485658785185	0.5367500876429145	5.920615268550091
s_366-höherstehenden-5-mid-stem-1.csv	s_366.png	mid	höherstehenden	5	stem	r	t	0.0	False	False	ini	ini	1	rs	st	rst	top	top	275644	897911	12.526869084909004	13.707827346936803	0.0026612858572387225	0.008669145148666681	0.04275720066942497	0.180896011552705	5.928945868014112	4.747985091820567	94939	11.461000392105309	0.0010735619060490682	0.34442614386672665	6.836773274819492
s_366-höherstehenden-5-mid-stem-2_aux.csv	s_366.png	mid	höherstehenden	5	stem	r	t	0.0	False	False	ini	ini	1	rs	st	rst	top	top	275644	897911	12.526869084909004	13.707827346936803	0.0026612858572387225	0.008669145148666681	0.04275720066942497	0.180896011552705	5.928945868014112	4.747985091820567	94939	11.461000392105309	0.0010735619060490682	0.34442614386672665	6.836773274819492
s_367-Wesen-2-mid-stem-1.csv	s_367.png	mid	Wesen	2	stem	e	e	0.0	True	True	ini	mid	1	es	se	ese	line_right	line	789215	594667	13.57879532661997	13.295758545603935	0.00761970773106129	0.005741386995060945	0.05653990658627244	0.11980350892461772	4.877017265522941	5.160054461069925	107367	11.584017465077642	0.0012140966427576687	0.13604277668315984	6.713754982628885
s_368-somit-0-ini-stem-1.csv	s_368.png	ini	somit	0	stem	-	o	0.0	False	True	ini	ini	1	#s	so	#so	line_right	middle	805056	201358	13.598668361347388	12.212844663567227	0.00777264931246527	0.0019440698786909007	0.053167636198579	0.04056622437438629	4.857144205863322	6.242971627761273	126005	11.744084803847484	0.0014248535161705185	0.1565170621671039	6.553686266215172
s_369-Menschen-3-mid-stem-1.csv	s_369.png	mid	Menschen	3	stem	n	c	0.0206185567010309	False	False	ini	mid	3	ns	sc	nsc	line_right	middle	329428	553042	12.705116131709016	13.223191035166852	0.0031805592625939174	0.005339506222007435	0.0385837703797871	0.11141760377268022	5.75069822891292	5.232622098074313	55383	10.922046022357861	0.0006262661186942726	0.16811867843656278	7.375735167462459
s_370-hauptsichtlich-5-mid-stem-1.csv	s_370.png	mid	hauptsichtlich	5	stem	t	i	0.0	False	True	ini	ini	1	ts	si	tsi	top	middle	227116	404512	12.33322058218325	12.910439153406776	0.002192758045713419	0.0039054797662323505	0.04172617724384119	0.08149427663232525	6.122595145905257	5.545374643766582	1532	7.334981878871814	1.7323721969550685e-05	0.006745451663467127	10.963433783600602
s_371-das-2-fin-flex-1.csv	s_371.png	fin	das	2	flex	a	-	0.0288659793814433	True	False	fin	fin	10	as	s#	as#	line_right	middle	442135	1220084	12.999372806039958	14.014431086413596	0.004268722056312645	0.011779658885530791	0.09103041525813346	0.24580201084436043	5.456440780771983	4.441381058263632	237316	12.377152079133063	0.0026835485658785185	0.5367500876429145	5.920615268550091
s_372-Menschen-3-mid-stem-1.csv	s_372.png	mid	Menschen	3	stem	n	c	0.0206185567010309	False	False	ini	mid	4	ns	sc	nsc	line_right	middle	329428	553042	12.705116131709016	13.223191035166852	0.0031805592625939174	0.005339506222007435	0.0385837703797871	0.11141760377268022	5.75069822891292	5.232622098074313	55383	10.922046022357861	0.0006262661186942726	0.16811867843656278	7.375735167462459
s_372-Menschen-3-mid-stem-2_aux.csv	s_372.png	mid	Menschen	3	stem	n	c	0.0206185567010309	False	False	ini	mid	4	ns	sc	nsc	line_right	middle	329428	553042	12.705116131709016	13.223191035166852	0.0031805592625939174	0.005339506222007435	0.0385837703797871	0.11141760377268022	5.75069822891292	5.232622098074313	55383	10.922046022357861	0.0006262661186942726	0.16811867843656278	7.375735167462459
s_373-bestimmt-2-mid-stem-1.csv	s_373.png	mid	bestimmt	2	stem	e	t	0.0041237113402061	True	False	ini	ini	2	es	st	est	line_right	top	789215	897911	13.57879532661997	13.707827346936803	0.00761970773106129	0.008669145148666681	0.05653990658627244	0.180896011552705	4.877017265522941	4.747985091820567	118090	11.67921079267701	0.0013353513886320107	0.14962969533016984	6.618560809305811
s_374-zwangsläufig-5-mid-infix-1.csv	s_374.png	mid	zwangsläufig	5	infix	g	l	0.0	False	False	fin	na	1	gs	sl	gsl	line_right	line	112622	38439	11.631801236706348	10.556853863084228	0.001087342136284263	0.0003711206014511444	0.04731406495044547	0.0077440434386864924	6.824018967575922	7.8989834768841805	3063	8.027476530860483	3.463613602658861e-05	0.027197172843671753	10.270613027068363
s_375-Humanitätsgedanken-9-mid-infix-1.csv	s_375.png	mid	Humanitätsgedanken	9	infix	t	g	0.0061855670103092	False	False	fin	na	3	ts	sg	tsg	top	middle	227116	44867	12.33322058218325	10.711480124765114	0.002192758045713419	0.0004331816130832877	0.04172617724384119	0.009039048803651157	6.122595145905257	7.744353488144304	3607	8.190908881182514	4.078764043353089e-05	0.015881752056217967	10.1071314529976
s_376-Ausdruck-2-mid-stem-1.csv	s_376.png	mid	Ausdruck	2	stem	u	d	0.0	True	False	fin	fin	1	us	sd	usd	line_right	middle	355289	11126	12.78068963638365	9.3171298661577	0.003430241873331139	0.00010741923077461518	0.11054222124872086	0.0022414794167076642	5.675124503284333	9.138771334426627	1629	7.396335293800808	1.8420589483288557e-05	0.004584999817050345	10.902041525299094
s_377-Diese-3-mid-stem-1.csv	s_377.png	mid	Diese	3	stem	e	e	0.0041237113402061	True	True	ini	fin	2	es	se	ese	line_right	line	789215	594667	13.57879532661997	13.295758545603935	0.00761970773106129	0.005741386995060945	0.05653990658627244	0.11980350892461772	4.877017265522941	5.160054461069925	107367	11.584017465077642	0.0012140966427576687	0.13604277668315984	6.713754982628885
s_378-Goethes-6-fin-flex-1.csv	s_378.png	fin	Goethes	6	flex	e	-	0.0082474226804123	True	False	fin	na	4	es	s#	es#	line_right	middle	789215	1220084	13.57879532661997	14.014431086413596	0.00761970773106129	0.011779658885530791	0.05653990658627244	0.24580201084436043	4.877017265522941	4.441381058263632	316197	12.664123878626816	0.003575528012797662	0.4006474788238946	5.633642417854672
s_378-Goethes-6-fin-flex-2_aux.csv	s_378.png	fin	Goethes	6	flex	e	-	0.0082474226804123	True	False	fin	na	4	es	s#	es#	line_right	middle	789215	1220084	13.57879532661997	14.014431086413596	0.00761970773106129	0.011779658885530791	0.05653990658627244	0.24580201084436043	4.877017265522941	4.441381058263632	316197	12.664123878626816	0.003575528012797662	0.4006474788238946	5.633642417854672
s_379-unterstützt-5-mid-stem-1.csv	s_379.png	mid	unterstützt	5	stem	r	t	0.0	False	False	ini	ini	1	rs	st	rst	top	top	275644	897911	12.526869084909004	13.707827346936803	0.0026612858572387225	0.008669145148666681	0.04275720066942497	0.180896011552705	5.928945868014112	4.747985091820567	94939	11.461000392105309	0.0010735619060490682	0.34442614386672665	6.836773274819492
s_380-Klassik-3-mid-stem-1.csv	s_380.png	mid	Klassik	3	stem	a	s	0.0103092783505154	True	False	fin	mid	3	as	ss	ass	line_right	middle	442135	370866	12.999372806039958	12.82359878675043	0.004268722056312645	0.003580634589291608	0.09103041525813346	0.07471584624813092	5.456440780771983	5.63221523469949	130273	11.777395203678102	0.0014731156867749846	0.2946453006434686	6.520375606381273
s_381-Klassik-4-mid-stem-1.csv	s_381.png	mid	Klassik	4	stem	s	i	0.0103092783505154	False	True	ini	mid	1	ss	si	ssi	line_left	middle	370866	404512	12.82359878675043	12.910439153406776	0.003580634589291608	0.0039054797662323505	0.07471584624813092	0.08149427663232525	5.63221523469949	5.545374643766582	38348	10.55448373083613	0.0004336358290393797	0.10340122847605335	7.743305479704251
s_382-Auszug-2-mid-stem-1.csv	s_382.png	mid	Auszug	2	stem	u	z	0.0	True	False	fin	fin	1	us	sz	usz	line_right	middle	355289	16653	12.78068963638365	9.720405706795765	0.003430241873331139	0.00016078127360144405	0.11054222124872086	0.0033549664503354968	5.675124503284333	8.735465665703595	4754	8.46695197497949	5.375781608566838e-05	0.013380656310777986	9.831021485981
s_383-eines-4-fin-flex-1.csv	s_383.png	fin	eines	4	flex	e	-	0.0041237113402061	True	False	fin	fin	2	es	s#	es#	line_right	middle	789215	1220084	13.57879532661997	14.014431086413596	0.00761970773106129	0.011779658885530791	0.05653990658627244	0.24580201084436043	4.877017265522941	4.441381058263632	316197	12.664123878626816	0.003575528012797662	0.4006474788238946	5.633642417854672
s_384-Briefes-6-fin-flex-1.csv	s_384.png	fin	Briefes	6	flex	e	-	0.0	True	False	fin	fin	1	es	s#	es#	line_right	middle	789215	1220084	13.57879532661997	14.014431086413596	0.00761970773106129	0.011779658885530791	0.05653990658627244	0.24580201084436043	4.877017265522941	4.441381058263632	316197	12.664123878626816	0.003575528012797662	0.4006474788238946	5.633642417854672
s_384-Briefes-6-fin-flex-2_aux.csv	s_384.png	fin	Briefes	6	flex	e	-	0.0	True	False	fin	fin	1	es	s#	es#	line_right	middle	789215	1220084	13.57879532661997	14.014431086413596	0.00761970773106129	0.011779658885530791	0.05653990658627244	0.24580201084436043	4.877017265522941	4.441381058263632	316197	12.664123878626816	0.003575528012797662	0.4006474788238946	5.633642417854672
s_385-Schillers-8-fin-flex-1.csv	s_385.png	fin	Schillers	8	flex	r	-	0.0	False	False	fin	na	1	rs	s#	rs#	top	middle	275644	1220084	12.526869084909004	14.014431086413596	0.0026612858572387225	0.011779658885530791	0.04275720066942497	0.24580201084436043	5.928945868014112	4.441381058263632	36092	10.493854219701634	0.00040812517841058965	0.13093700570300823	7.803936620786747
s_386-sich-0-ini-stem-1.csv	s_386.png	ini	sich	0	stem	-	i	0.0412371134020618	False	True	ini	ini	17	#s	si	#si	line_right	middle	805056	404512	13.598668361347388	12.910439153406776	0.00777264931246527	0.0039054797662323505	0.053167636198579	0.08149427663232525	4.857144205863322	5.545374643766582	241104	12.392987802237098	0.0027263829384768594	0.2994872406391605	5.904779479243203
s_386-sich-0-ini-stem-2_aux.csv	s_386.png	ini	sich	0	stem	-	i	0.0412371134020618	False	True	ini	ini	17	#s	si	#si	line_right	middle	805056	404512	13.598668361347388	12.910439153406776	0.00777264931246527	0.0039054797662323505	0.053167636198579	0.08149427663232525	4.857144205863322	5.545374643766582	241104	12.392987802237098	0.0027263829384768594	0.2994872406391605	5.904779479243203
s_387-Lebensweise-5-mid-infix-1.csv	s_387.png	mid	Lebensweise	5	infix	n	w	0.0041237113402061	False	False	fin	na	1	ns	sw	nsw	line_right	middle	329428	27598	12.705116131709016	10.225534819164793	0.0031805592625939174	0.00026645298678031905	0.0385837703797871	0.005559981030226328	5.75069822891292	8.230312739750367	2900	7.972810784121404	3.279294628700848e-05	0.008803137559648845	10.325297117926572
s_387-Lebensweise-5-mid-infix-2_aux.csv	s_387.png	mid	Lebensweise	5	infix	n	w	0.0041237113402061	False	False	fin	na	1	ns	sw	nsw	line_right	middle	329428	27598	12.705116131709016	10.225534819164793	0.0031805592625939174	0.00026645298678031905	0.0385837703797871	0.005559981030226328	5.75069822891292	8.230312739750367	2900	7.972810784121404	3.279294628700848e-05	0.008803137559648845	10.325297117926572
s_388-Lebensweise-5-mid-stem-1.csv	s_388.png	mid	Lebensweise	5	stem	n	w	0.0041237113402061	False	False	ini	mid	2	ns	sw	nsw	line_right	middle	329428	27598	12.705116131709016	10.225534819164793	0.0031805592625939174	0.00026645298678031905	0.0385837703797871	0.005559981030226328	5.75069822891292	8.230312739750367	2900	7.972810784121404	3.279294628700848e-05	0.008803137559648845	10.325297117926572
s_389-polititsch-7-mid-der-1.csv	s_389.png	mid	polititsch	7	der	t	c	0.0	False	False	mid	mid	1	ts	sc	tsc	top	middle	227116	553042	12.33322058218325	13.223191035166852	0.002192758045713419	0.005339506222007435	0.04172617724384119	0.11141760377268022	6.122595145905257	5.232622098074313	71481	11.17720094873644	0.000808300894324708	0.3147334401803484	7.12057617479838
s_389-polititsch-7-mid-der-2_aux.csv	s_389.png	mid	polititsch	7	der	t	c	0.0	False	False	mid	mid	1	ts	sc	tsc	top	middle	227116	553042	12.33322058218325	13.223191035166852	0.002192758045713419	0.005339506222007435	0.04172617724384119	0.11141760377268022	6.122595145905257	5.232622098074313	71481	11.17720094873644	0.000808300894324708	0.3147334401803484	7.12057617479838
s_390-religiös-7-fin-der-1.csv	s_390.png	fin	religiös	7	der	ö	-	0.0	True	False	fin	fin	1	ös	s#	ös#	top	middle	20852	1220084	9.945253101768596	14.014431086413596	0.0002013217508639471	0.011779658885530791	0.09372232984399088	0.24580201084436043	8.51060617917387	4.441381058263632	612	6.418364935936212	6.920442457810065e-06	0.029349702666410897	11.881030851388813
s_391-wissenschaftlich-2-mid-stem-1.csv	s_391.png	mid	wissenschaftlich	2	stem	i	s	0.0	True	False	fin	mid	1	is	ss	iss	top	middle	589101	370866	13.286354622513352	12.82359878675043	0.005687648415293598	0.003580634589291608	0.08546248093200515	0.07471584624813092	5.16945840004886	5.63221523469949	36997	10.518619136111335	0.0004183588392346389	0.06280247359960346	7.779171026643106
s_392-wissenschaftlich-3-mid-stem-1.csv	s_392.png	mid	wissenschaftlich	3	stem	s	e	0.0	False	True	ini	fin	1	ss	se	sse	line_left	line	370866	594667	12.82359878675043	13.295758545603935	0.003580634589291608	0.005741386995060945	0.07471584624813092	0.11980350892461772	5.63221523469949	5.160054461069925	133233	11.7998622597716	0.001506587107812759	0.35924835385287407	6.49790837974937
s_393-wissenschaftlich-6-mid-der-1.csv	s_393.png	mid	wissenschaftlich	6	der	n	c	0.0	False	False	ini	ini	1	ns	sc	nsc	line_right	middle	329428	553042	12.705116131709016	13.223191035166852	0.0031805592625939174	0.005339506222007435	0.0385837703797871	0.11141760377268022	5.75069822891292	5.232622098074313	55383	10.922046022357861	0.0006262661186942726	0.16811867843656278	7.375735167462459
s_394-Geist-3-mid-stem-1.csv	s_394.png	mid	Geist	3	stem	i	t	0.0	True	False	mid	mid	1	is	st	ist	top	top	589101	897911	13.286354622513352	13.707827346936803	0.005687648415293598	0.008669145148666681	0.08546248093200515	0.180896011552705	5.16945840004886	4.747985091820567	218974	12.296712847031289	0.0024761388345694467	0.37170875622346594	6.001054853611638
s_395-sagen-0-ini-stem-1.csv	s_395.png	ini	sagen	0	stem	-	a	0.0	False	True	ini	ini	1	#s	sa	#sa	line_right	middle	805056	148190	13.598668361347388	11.906257261255119	0.00777264931246527	0.00143074382603723	0.053167636198579	0.029854829656831637	4.857144205863322	6.549560811877642	33761	10.427091188661334	0.0003817664343433425	0.041936213132999445	7.870701564776853
s_395-sagen-0-ini-stem-2_aux.csv	s_395.png	ini	sagen	0	stem	-	a	0.0	False	True	ini	ini	1	#s	sa	#sa	line_right	middle	805056	148190	13.598668361347388	11.906257261255119	0.00777264931246527	0.00143074382603723	0.053167636198579	0.029854829656831637	4.857144205863322	6.549560811877642	33761	10.427091188661334	0.0003817664343433425	0.041936213132999445	7.870701564776853
s_396-Naturwissenschaften-7-mid-stem-1.csv	s_396.png	mid	Naturwissenschaften	7	stem	i	s	0.0	True	False	fin	mid	1	is	ss	iss	top	middle	589101	370866	13.286354622513352	12.82359878675043	0.005687648415293598	0.003580634589291608	0.08546248093200515	0.07471584624813092	5.16945840004886	5.63221523469949	36997	10.518619136111335	0.0004183588392346389	0.06280247359960346	7.779171026643106
s_397-Naturwissenschaften-8-mid-stem-1.csv	s_397.png	mid	Naturwissenschaften	8	stem	s	e	0.0	False	True	ini	fin	1	ss	se	sse	line_left	line	370866	594667	12.82359878675043	13.295758545603935	0.003580634589291608	0.005741386995060945	0.07471584624813092	0.11980350892461772	5.63221523469949	5.160054461069925	133233	11.7998622597716	0.001506587107812759	0.35924835385287407	6.49790837974937
s_398-Naturwissenschaften-11-mid-der-1.csv	s_398.png	mid	Naturwissenschaften	11	der	n	c	0.0	False	False	ini	ini	1	ns	sc	nsc	line_right	middle	329428	553042	12.705116131709016	13.223191035166852	0.0031805592625939174	0.005339506222007435	0.0385837703797871	0.11141760377268022	5.75069822891292	5.232622098074313	55383	10.922046022357861	0.0006262661186942726	0.16811867843656278	7.375735167462459
s_399-Geister-3-mid-stem-1_aux.csv	s_399.png	mid	Geister	3	stem	i	t	0.0	True	False	fin	mid	1	is	st	ist	top	top	589101	897911	13.286354622513352	13.707827346936803	0.005687648415293598	0.008669145148666681	0.08546248093200515	0.180896011552705	5.16945840004886	4.747985091820567	218974	12.296712847031289	0.0024761388345694467	0.37170875622346594	6.001054853611638
s_399-Geister-3-mid-stem-2.csv	s_399.png	mid	Geister	3	stem	i	t	0.0	True	False	fin	mid	1	is	st	ist	top	top	589101	897911	13.286354622513352	13.707827346936803	0.005687648415293598	0.008669145148666681	0.08546248093200515	0.180896011552705	5.16945840004886	4.747985091820567	218974	12.296712847031289	0.0024761388345694467	0.37170875622346594	6.001054853611638
s_400-wissen-2-mid-stem-1.csv	s_400.png	mid	wissen	2	stem	i	s	0.0	True	False	fin	mid	1	is	ss	iss	top	middle	589101	370866	13.286354622513352	12.82359878675043	0.005687648415293598	0.003580634589291608	0.08546248093200515	0.07471584624813092	5.16945840004886	5.63221523469949	36997	10.518619136111335	0.0004183588392346389	0.06280247359960346	7.779171026643106
s_401-wissen-3-mid-stem-1.csv	s_401.png	mid	wissen	3	stem	s	e	0.0	False	True	ini	fin	1	ss	se	sse	line_left	line	370866	594667	12.82359878675043	13.295758545603935	0.003580634589291608	0.005741386995060945	0.07471584624813092	0.11980350892461772	5.63221523469949	5.160054461069925	133233	11.7998622597716	0.001506587107812759	0.35924835385287407	6.49790837974937
s_401-wissen-3-mid-stem-2_aux.csv	s_401.png	mid	wissen	3	stem	s	e	0.0	False	True	ini	fin	1	ss	se	sse	line_left	line	370866	594667	12.82359878675043	13.295758545603935	0.003580634589291608	0.005741386995060945	0.07471584624813092	0.11980350892461772	5.63221523469949	5.160054461069925	133233	11.7998622597716	0.001506587107812759	0.35924835385287407	6.49790837974937
s_401-wissen-3-mid-stem-3_aux.csv	s_401.png	mid	wissen	3	stem	s	e	0.0	False	True	ini	fin	1	ss	se	sse	line_left	line	370866	594667	12.82359878675043	13.295758545603935	0.003580634589291608	0.005741386995060945	0.07471584624813092	0.11980350892461772	5.63221523469949	5.160054461069925	133233	11.7998622597716	0.001506587107812759	0.35924835385287407	6.49790837974937
s_402-scha??en-0-ini-stem-1.csv	s_402.png	ini	scha??en	0	stem	-	c	0.0	False	False	ini	ini	1	#s	sc	#sc	line_right	middle	805056	553042	13.598668361347388	13.223191035166852	0.00777264931246527	0.005339506222007435	0.053167636198579	0.11141760377268022	4.857144205863322	5.232622098074313	89134	11.397907353385962	0.0010079194739124875	0.11071776373320613	6.899866999515676
s_402-scha??en-0-ini-stem-2_aux.csv	s_402.png	ini	scha??en	0	stem	-	c	0.0	False	False	ini	ini	1	#s	sc	#sc	line_right	middle	805056	553042	13.598668361347388	13.223191035166852	0.00777264931246527	0.005339506222007435	0.053167636198579	0.11141760377268022	4.857144205863322	5.232622098074313	89134	11.397907353385962	0.0010079194739124875	0.11071776373320613	6.899866999515676
s_403-dieser-3-mid-stem-1.csv	s_403.png	mid	dieser	3	stem	e	e	0.0123711340206185	True	True	ini	fin	3	es	se	ese	line_right	line	789215	594667	13.57879532661997	13.295758545603935	0.00761970773106129	0.005741386995060945	0.05653990658627244	0.11980350892461772	4.877017265522941	5.160054461069925	107367	11.584017465077642	0.0012140966427576687	0.13604277668315984	6.713754982628885
s_404-ablösten-4-mid-stem-1.csv	s_404.png	mid	ablösten	4	stem	ö	t	0.0	True	False	fin	fin	1	ös	st	öst	top	top	20852	897911	9.945253101768596	13.707827346936803	0.0002013217508639471	0.008669145148666681	0.09372232984399088	0.180896011552705	8.51060617917387	4.747985091820567	6713	8.81195017753998	7.591001669816825e-05	0.3219355457510071	9.485961909962386
s_405-Philosoph-5-mid-stem-1.csv	s_405.png	mid	Philosoph	5	stem	o	o	0.0	True	True	ini	ini	1	os	so	oso	top	middle	91217	201358	11.421007525008891	12.212844663567227	0.000880681284699629	0.0019440698786909007	0.0393290642806882	0.04056622437438629	7.034814762861647	6.242971627761273	1915	7.557994958530806	2.165465246193836e-05	0.02099389368209873	10.740290232286393
s_406-poetische-5-mid-der-1.csv	s_406.png	mid	poetische	5	der	i	c	0.0	True	False	mid	mid	1	is	sc	isc	top	middle	589101	553042	13.286354622513352	13.223191035166852	0.005687648415293598	0.005339506222007435	0.08546248093200515	0.11141760377268022	5.16945840004886	5.232622098074313	143030	11.870816668964741	0.0016173707267002836	0.24279368054034878	6.426953456452193
s_406-poetische-5-mid-der-2_aux.csv	s_406.png	mid	poetische	5	der	i	c	0.0	True	False	mid	mid	1	is	sc	isc	top	middle	589101	553042	13.286354622513352	13.223191035166852	0.005687648415293598	0.005339506222007435	0.08546248093200515	0.11141760377268022	5.16945840004886	5.232622098074313	143030	11.870816668964741	0.0016173707267002836	0.24279368054034878	6.426953456452193
s_407-Genius-5-fin-stem-1.csv	s_407.png	fin	Genius	5	stem	u	-	0.0	True	False	fin	fin	1	us	s#	us#	line_right	middle	355289	1220084	12.78068963638365	14.014431086413596	0.003430241873331139	0.011779658885530791	0.11054222124872086	0.24580201084436043	5.675124503284333	4.441381058263632	106524	11.576134978368113	0.0012045640725094108	0.29982352394810985	6.721637543044818
s_408-sich-0-ini-stem-1.csv	s_408.png	ini	sich	0	stem	-	i	0.0412371134020618	False	True	ini	ini	18	#s	si	#si	line_right	middle	805056	404512	13.598668361347388	12.910439153406776	0.00777264931246527	0.0039054797662323505	0.053167636198579	0.08149427663232525	4.857144205863322	5.545374643766582	241104	12.392987802237098	0.0027263829384768594	0.2994872406391605	5.904779479243203
s_408-sich-0-ini-stem-2_aux.csv	s_408.png	ini	sich	0	stem	-	i	0.0412371134020618	False	True	ini	ini	18	#s	si	#si	line_right	middle	805056	404512	13.598668361347388	12.910439153406776	0.00777264931246527	0.0039054797662323505	0.053167636198579	0.08149427663232525	4.857144205863322	5.545374643766582	241104	12.392987802237098	0.0027263829384768594	0.2994872406391605	5.904779479243203
s_409-seine-0-ini-stem-1.csv	s_409.png	ini	seine	0	stem	-	e	0.0103092783505154	False	True	ini	ini	5	#s	se	#se	line_right	line	805056	594667	13.598668361347388	13.295758545603935	0.00777264931246527	0.005741386995060945	0.053167636198579	0.11980350892461772	4.857144205863322	5.160054461069925	175181	12.073580712480313	0.0019809314218980803	0.217601011606646	6.224188129786149
s_410-ist-1-mid-stem-1.csv	s_410.png	mid	ist	1	stem	i	t	0.045360824742268	True	False	mid	mid	20	is	st	ist	top	top	589101	897911	13.286354622513352	13.707827346936803	0.005687648415293598	0.008669145148666681	0.08546248093200515	0.180896011552705	5.16945840004886	4.747985091820567	218974	12.296712847031289	0.0024761388345694467	0.37170875622346594	6.001054853611638
s_411-Nachlässigkeit-6-mid-stem-1.csv	s_411.png	mid	Nachlässigkeit	6	stem	ä	s	0.0	True	False	fin	mid	1	äs	ss	äss	top	middle	36691	370866	10.510314026629546	12.82359878675043	0.0003542440226812336	0.003580634589291608	0.07426726580843657	0.07471584624813092	7.945524552701022	5.63221523469949	10380	9.247732491193245	0.00011737613188246484	0.2829031642637159	9.05012697718126
s_411-Nachlässigkeit-6-mid-stem-2_aux.csv	s_411.png	mid	Nachlässigkeit	6	stem	ä	s	0.0	True	False	fin	mid	1	äs	ss	äss	top	middle	36691	370866	10.510314026629546	12.82359878675043	0.0003542440226812336	0.003580634589291608	0.07426726580843657	0.07471584624813092	7.945524552701022	5.63221523469949	10380	9.247732491193245	0.00011737613188246484	0.2829031642637159	9.05012697718126
s_412-Nachlässigkeit-7-mid-stem-1.csv	s_412.png	mid	Nachlässigkeit	7	stem	s	i	0.0	False	True	ini	fin	1	ss	si	ssi	line_left	middle	370866	404512	12.82359878675043	12.910439153406776	0.003580634589291608	0.0039054797662323505	0.07471584624813092	0.08149427663232525	5.63221523469949	5.545374643766582	38348	10.55448373083613	0.0004336358290393797	0.10340122847605335	7.743305479704251
s_413-Kompromisbereitschaft-8-mid-stem-1.csv	s_413.png	mid	Kompromisbereitschaft	8	stem	i	b	0.0	True	False	fin	fin	1	is	sb	isb	top	line	589101	35519	13.286354622513352	10.477851197106107	0.005687648415293598	0.00034292860487898224	0.08546248093200515	0.00715577093313316	5.16945840004886	7.977988281505221	1969	7.585788821732034	2.2265279737627483e-05	0.003342381017856021	10.712482055262013
s_413-Kompromisbereitschaft-8-mid-stem-2_aux.csv	s_413.png	mid	Kompromisbereitschaft	8	stem	i	b	0.0	True	False	fin	fin	1	is	sb	isb	top	line	589101	35519	13.286354622513352	10.477851197106107	0.005687648415293598	0.00034292860487898224	0.08546248093200515	0.00715577093313316	5.16945840004886	7.977988281505221	1969	7.585788821732034	2.2265279737627483e-05	0.003342381017856021	10.712482055262013
s_414-Kompromisbereitschaft-15-mid-der-1.csv	s_414.png	mid	Kompromisbereitschaft	15	der	t	c	0.0	False	False	ini	ini	1	ts	sc	tsc	top	middle	227116	553042	12.33322058218325	13.223191035166852	0.002192758045713419	0.005339506222007435	0.04172617724384119	0.11141760377268022	6.122595145905257	5.232622098074313	71481	11.17720094873644	0.000808300894324708	0.3147334401803484	7.12057617479838
s_414-Kompromisbereitschaft-15-mid-der-2_aux.csv	s_414.png	mid	Kompromisbereitschaft	15	der	t	c	0.0	False	False	ini	ini	1	ts	sc	tsc	top	middle	227116	553042	12.33322058218325	13.223191035166852	0.002192758045713419	0.005339506222007435	0.04172617724384119	0.11141760377268022	6.122595145905257	5.232622098074313	71481	11.17720094873644	0.000808300894324708	0.3147334401803484	7.12057617479838
s_415-seiner-0-ini-stem-1.csv	s_415.png	ini	seiner	0	stem	-	e	0.0061855670103092	False	True	ini	ini	2	#s	se	#se	line_right	line	805056	594667	13.598668361347388	13.295758545603935	0.00777264931246527	0.005741386995060945	0.053167636198579	0.11980350892461772	4.857144205863322	5.160054461069925	175181	12.073580712480313	0.0019809314218980803	0.217601011606646	6.224188129786149
s_416-uns-2-fin-stem-1.csv	s_416.png	fin	uns	2	stem	n	-	0.0	False	False	fin	fin	1	ns	s#	ns#	line_right	middle	329428	1220084	12.705116131709016	14.014431086413596	0.0031805592625939174	0.011779658885530791	0.0385837703797871	0.24580201084436043	5.75069822891292	4.441381058263632	61460	11.02615810629731	0.0006949843030343246	0.18656580497104072	7.271621298216663
s_416-uns-2-fin-stem-2_aux.csv	s_416.png	fin	uns	2	stem	n	-	0.0	False	False	fin	fin	1	ns	s#	ns#	line_right	middle	329428	1220084	12.705116131709016	14.014431086413596	0.0031805592625939174	0.011779658885530791	0.0385837703797871	0.24580201084436043	5.75069822891292	4.441381058263632	61460	11.02615810629731	0.0006949843030343246	0.18656580497104072	7.271621298216663
s_416-uns-2-fin-stem-3_aux.csv	s_416.png	fin	uns	2	stem	n	-	0.0	False	False	fin	fin	1	ns	s#	ns#	line_right	middle	329428	1220084	12.705116131709016	14.014431086413596	0.0031805592625939174	0.011779658885530791	0.0385837703797871	0.24580201084436043	5.75069822891292	4.441381058263632	61460	11.02615810629731	0.0006949843030343246	0.18656580497104072	7.271621298216663
s_416-uns-2-fin-stem-4_aux.csv	s_416.png	fin	uns	2	stem	n	-	0.0	False	False	fin	fin	1	ns	s#	ns#	line_right	middle	329428	1220084	12.705116131709016	14.014431086413596	0.0031805592625939174	0.011779658885530791	0.0385837703797871	0.24580201084436043	5.75069822891292	4.441381058263632	61460	11.02615810629731	0.0006949843030343246	0.18656580497104072	7.271621298216663
s_416-uns-2-fin-stem-5_aux.csv	s_416.png	fin	uns	2	stem	n	-	0.0	False	False	fin	fin	1	ns	s#	ns#	line_right	middle	329428	1220084	12.705116131709016	14.014431086413596	0.0031805592625939174	0.011779658885530791	0.0385837703797871	0.24580201084436043	5.75069822891292	4.441381058263632	61460	11.02615810629731	0.0006949843030343246	0.18656580497104072	7.271621298216663
s_416-uns-2-fin-stem-6_aux.csv	s_416.png	fin	uns	2	stem	n	-	0.0	False	False	fin	fin	1	ns	s#	ns#	line_right	middle	329428	1220084	12.705116131709016	14.014431086413596	0.0031805592625939174	0.011779658885530791	0.0385837703797871	0.24580201084436043	5.75069822891292	4.441381058263632	61460	11.02615810629731	0.0006949843030343246	0.18656580497104072	7.271621298216663
s_416-uns-2-fin-stem-7_aux.csv	s_416.png	fin	uns	2	stem	n	-	0.0	False	False	fin	fin	1	ns	s#	ns#	line_right	middle	329428	1220084	12.705116131709016	14.014431086413596	0.0031805592625939174	0.011779658885530791	0.0385837703797871	0.24580201084436043	5.75069822891292	4.441381058263632	61460	11.02615810629731	0.0006949843030343246	0.18656580497104072	7.271621298216663
s_416-uns-2-fin-stem-8_aux.csv	s_416.png	fin	uns	2	stem	n	-	0.0	False	False	fin	fin	1	ns	s#	ns#	line_right	middle	329428	1220084	12.705116131709016	14.014431086413596	0.0031805592625939174	0.011779658885530791	0.0385837703797871	0.24580201084436043	5.75069822891292	4.441381058263632	61460	11.02615810629731	0.0006949843030343246	0.18656580497104072	7.271621298216663
s_416-uns-2-fin-stem-9_aux.csv	s_416.png	fin	uns	2	stem	n	-	0.0	False	False	fin	fin	1	ns	s#	ns#	line_right	middle	329428	1220084	12.705116131709016	14.014431086413596	0.0031805592625939174	0.011779658885530791	0.0385837703797871	0.24580201084436043	5.75069822891292	4.441381058263632	61460	11.02615810629731	0.0006949843030343246	0.18656580497104072	7.271621298216663
s_416-uns-2-fin-stem-10_aux.csv	s_416.png	fin	uns	2	stem	n	-	0.0	False	False	fin	fin	1	ns	s#	ns#	line_right	middle	329428	1220084	12.705116131709016	14.014431086413596	0.0031805592625939174	0.011779658885530791	0.0385837703797871	0.24580201084436043	5.75069822891292	4.441381058263632	61460	11.02615810629731	0.0006949843030343246	0.18656580497104072	7.271621298216663
s_416-uns-2-fin-stem-11_aux.csv	s_416.png	fin	uns	2	stem	n	-	0.0	False	False	fin	fin	1	ns	s#	ns#	line_right	middle	329428	1220084	12.705116131709016	14.014431086413596	0.0031805592625939174	0.011779658885530791	0.0385837703797871	0.24580201084436043	5.75069822891292	4.441381058263632	61460	11.02615810629731	0.0006949843030343246	0.18656580497104072	7.271621298216663
s_416-uns-2-fin-stem-12_aux.csv	s_416.png	fin	uns	2	stem	n	-	0.0	False	False	fin	fin	1	ns	s#	ns#	line_right	middle	329428	1220084	12.705116131709016	14.014431086413596	0.0031805592625939174	0.011779658885530791	0.0385837703797871	0.24580201084436043	5.75069822891292	4.441381058263632	61460	11.02615810629731	0.0006949843030343246	0.18656580497104072	7.271621298216663
s_417-Wachsende-4-mid-stem-1.csv	s_417.png	mid	Wachsende	4	stem	h	e	0.0	False	True	ini	mid	1	hs	se	hse	line_right	line	61655	594667	11.029325827457829	13.295758545603935	0.0005952662837865269	0.005741386995060945	0.017645232238501837	0.11980350892461772	7.426501716757236	5.160054461069925	14287	9.567175303116281	0.0001615561460698242	0.23172492093098696	8.73065782203598
s_418-Ausländerfeindlichkeit-2-mid-stem-1.csv	s_418.png	mid	Ausländerfeindlichkeit	2	stem	u	l	0.0	True	False	fin	fin	1	us	sl	usl	line_right	line	355289	38439	12.78068963638365	10.556853863084228	0.003430241873331139	0.0003711206014511444	0.11054222124872086	0.0077440434386864924	5.675124503284333	7.8989834768841805	5653	8.640118538253535	6.392362943464101e-05	0.015910990770893554	9.657821477225847
s_419-sind-0-ini-stem-1.csv	s_419.png	ini	sind	0	stem	-	i	0.0	False	True	ini	ini	1	#s	si	#si	line_right	middle	805056	404512	13.598668361347388	12.910439153406776	0.00777264931246527	0.0039054797662323505	0.053167636198579	0.08149427663232525	4.857144205863322	5.545374643766582	241104	12.392987802237098	0.0027263829384768594	0.2994872406391605	5.904779479243203
s_419-sind-0-ini-stem-2_aux.csv	s_419.png	ini	sind	0	stem	-	i	0.0	False	True	ini	ini	1	#s	si	#si	line_right	middle	805056	404512	13.598668361347388	12.910439153406776	0.00777264931246527	0.0039054797662323505	0.053167636198579	0.08149427663232525	4.857144205863322	5.545374643766582	241104	12.392987802237098	0.0027263829384768594	0.2994872406391605	5.904779479243203
s_420-das-2-fin-flex-1.csv	s_420.png	fin	das	2	flex	a	-	0.0288659793814433	True	False	fin	fin	11	as	s#	as#	line_right	middle	442135	1220084	12.999372806039958	14.014431086413596	0.004268722056312645	0.011779658885530791	0.09103041525813346	0.24580201084436043	5.456440780771983	4.441381058263632	237316	12.377152079133063	0.0026835485658785185	0.5367500876429145	5.920615268550091
s_421-beste-2-mid-stem-1.csv	s_421.png	mid	beste	2	stem	e	t	0.0	True	False	fin	mid	1	es	st	est	line_right	top	789215	897911	13.57879532661997	13.707827346936803	0.00761970773106129	0.008669145148666681	0.05653990658627244	0.180896011552705	4.877017265522941	4.747985091820567	118090	11.67921079267701	0.0013353513886320107	0.14962969533016984	6.618560809305811
s_422-Beispiel-3-mid-stem-1.csv	s_422.png	mid	Beispiel	3	stem	i	p	0.0	True	False	ini	ini	1	is	sp	isp	top	middle	589101	134179	13.286354622513352	11.80693746111688	0.005687648415293598	0.0012954705164575848	0.08546248093200515	0.027032128946109808	5.16945840004886	6.648881316648269	8720	9.073489189226986	9.860499711128068e-05	0.014802215579331897	9.224388616998112
s_423-soziales-0-ini-stem-1.csv	s_423.png	ini	soziales	0	stem	-	o	0.0	False	True	ini	ini	1	#s	so	#so	line_right	middle	805056	201358	13.598668361347388	12.212844663567227	0.00777264931246527	0.0019440698786909007	0.053167636198579	0.04056622437438629	4.857144205863322	6.242971627761273	126005	11.744084803847484	0.0014248535161705185	0.1565170621671039	6.553686266215172
s_424-soziales-7-fin-flex-1.csv	s_424.png	fin	soziales	7	flex	e	-	0.0	True	False	fin	fin	1	es	s#	es#	line_right	middle	789215	1220084	13.57879532661997	14.014431086413596	0.00761970773106129	0.011779658885530791	0.05653990658627244	0.24580201084436043	4.877017265522941	4.441381058263632	316197	12.664123878626816	0.003575528012797662	0.4006474788238946	5.633642417854672
s_425-Gesellschaft-2-mid-stem-1.csv	s_425.png	mid	Gesellschaft	2	stem	e	e	0.0103092783505154	True	True	ini	ini	2	es	se	ese	line_right	line	789215	594667	13.57879532661997	13.295758545603935	0.00761970773106129	0.005741386995060945	0.05653990658627244	0.11980350892461772	4.877017265522941	5.160054461069925	107367	11.584017465077642	0.0012140966427576687	0.13604277668315984	6.713754982628885
s_425-Gesellschaft-2-mid-stem-2_aux.csv	s_425.png	mid	Gesellschaft	2	stem	e	e	0.0103092783505154	True	True	ini	ini	2	es	se	ese	line_right	line	789215	594667	13.57879532661997	13.295758545603935	0.00761970773106129	0.005741386995060945	0.05653990658627244	0.11980350892461772	4.877017265522941	5.160054461069925	107367	11.584017465077642	0.0012140966427576687	0.13604277668315984	6.713754982628885
s_426-Gesellschaft-6-mid-der-1.csv	s_426.png	mid	Gesellschaft	6	der	l	c	0.0103092783505154	False	False	ini	ini	1	ls	sc	lsc	line_right	middle	158564	553042	11.973919882870874	13.223191035166852	0.0015309026522151788	0.005339506222007435	0.0508410721116372	0.11141760377268022	6.481897748772857	5.232622098074313	10361	9.245900547374733	0.00011716128154472236	0.06534270073913373	9.051959097649387
s_427-kapitalistisch-8-mid-der-1.csv	s_427.png	mid	kapitalistisch	8	der	i	t	0.0	True	False	fin	mid	1	is	st	ist	top	top	589101	897911	13.286354622513352	13.707827346936803	0.005687648415293598	0.008669145148666681	0.08546248093200515	0.180896011552705	5.16945840004886	4.747985091820567	218974	12.296712847031289	0.0024761388345694467	0.37170875622346594	6.001054853611638
s_427-kapitalistisch-8-mid-der-2_aux.csv	s_427.png	mid	kapitalistisch	8	der	i	t	0.0	True	False	fin	mid	1	is	st	ist	top	top	589101	897911	13.286354622513352	13.707827346936803	0.005687648415293598	0.008669145148666681	0.08546248093200515	0.180896011552705	5.16945840004886	4.747985091820567	218974	12.296712847031289	0.0024761388345694467	0.37170875622346594	6.001054853611638
s_428-kapitalistisch-11-mid-der-1.csv	s_428.png	mid	kapitalistisch	11	der	i	c	0.0	True	False	mid	mid	1	is	sc	isc	top	middle	589101	553042	13.286354622513352	13.223191035166852	0.005687648415293598	0.005339506222007435	0.08546248093200515	0.11141760377268022	5.16945840004886	5.232622098074313	143030	11.870816668964741	0.0016173707267002836	0.24279368054034878	6.426953456452193
s_429-Menschen-3-mid-stem-1.csv	s_429.png	mid	Menschen	3	stem	n	c	0.0206185567010309	False	False	ini	mid	5	ns	sc	nsc	line_right	middle	329428	553042	12.705116131709016	13.223191035166852	0.0031805592625939174	0.005339506222007435	0.0385837703797871	0.11141760377268022	5.75069822891292	5.232622098074313	55383	10.922046022357861	0.0006262661186942726	0.16811867843656278	7.375735167462459
s_430-egoistischen-4-mid-der-1.csv	s_430.png	mid	egoistischen	4	der	i	t	0.0041237113402061	True	False	fin	mid	1	is	st	ist	top	top	589101	897911	13.286354622513352	13.707827346936803	0.005687648415293598	0.008669145148666681	0.08546248093200515	0.180896011552705	5.16945840004886	4.747985091820567	218974	12.296712847031289	0.0024761388345694467	0.37170875622346594	6.001054853611638
s_431-egoistischen-7-mid-der-1.csv	s_431.png	mid	egoistischen	7	der	i	c	0.0041237113402061	True	False	mid	mid	1	is	sc	isc	top	middle	589101	553042	13.286354622513352	13.223191035166852	0.005687648415293598	0.005339506222007435	0.08546248093200515	0.11141760377268022	5.16945840004886	5.232622098074313	143030	11.870816668964741	0.0016173707267002836	0.24279368054034878	6.426953456452193
s_431-egoistischen-7-mid-der-2_aux.csv	s_431.png	mid	egoistischen	7	der	i	c	0.0041237113402061	True	False	mid	mid	1	is	sc	isc	top	middle	589101	553042	13.286354622513352	13.223191035166852	0.005687648415293598	0.005339506222007435	0.08546248093200515	0.11141760377268022	5.16945840004886	5.232622098074313	143030	11.870816668964741	0.0016173707267002836	0.24279368054034878	6.426953456452193
s_432-dieser-3-mid-stem-1.csv	s_432.png	mid	dieser	3	stem	e	e	0.0123711340206185	True	True	ini	fin	4	es	se	ese	line_right	line	789215	594667	13.57879532661997	13.295758545603935	0.00761970773106129	0.005741386995060945	0.05653990658627244	0.11980350892461772	4.877017265522941	5.160054461069925	107367	11.584017465077642	0.0012140966427576687	0.13604277668315984	6.713754982628885
s_433-Gesellschaft-2-mid-stem-1.csv	s_433.png	mid	Gesellschaft	2	stem	e	e	0.0103092783505154	True	True	ini	mid	3	es	se	ese	line_right	line	789215	594667	13.57879532661997	13.295758545603935	0.00761970773106129	0.005741386995060945	0.05653990658627244	0.11980350892461772	4.877017265522941	5.160054461069925	107367	11.584017465077642	0.0012140966427576687	0.13604277668315984	6.713754982628885
s_433-Gesellschaft-2-mid-stem-2_aux.csv	s_433.png	mid	Gesellschaft	2	stem	e	e	0.0103092783505154	True	True	ini	mid	3	es	se	ese	line_right	line	789215	594667	13.57879532661997	13.295758545603935	0.00761970773106129	0.005741386995060945	0.05653990658627244	0.11980350892461772	4.877017265522941	5.160054461069925	107367	11.584017465077642	0.0012140966427576687	0.13604277668315984	6.713754982628885
s_434-Gesellschaft-6-mid-der-1.csv	s_434.png	mid	Gesellschaft	6	der	l	c	0.0103092783505154	False	False	ini	ini	1	ls	sc	lsc	line_right	middle	158564	553042	11.973919882870874	13.223191035166852	0.0015309026522151788	0.005339506222007435	0.0508410721116372	0.11141760377268022	6.481897748772857	5.232622098074313	10361	9.245900547374733	0.00011716128154472236	0.06534270073913373	9.051959097649387
s_434-Gesellschaft-6-mid-der-2_aux.csv	s_434.png	mid	Gesellschaft	6	der	l	c	0.0103092783505154	False	False	ini	ini	1	ls	sc	lsc	line_right	middle	158564	553042	11.973919882870874	13.223191035166852	0.0015309026522151788	0.005339506222007435	0.0508410721116372	0.11141760377268022	6.481897748772857	5.232622098074313	10361	9.245900547374733	0.00011716128154472236	0.06534270073913373	9.051959097649387
s_434-Gesellschaft-6-mid-der-3_aux.csv	s_434.png	mid	Gesellschaft	6	der	l	c	0.0103092783505154	False	False	ini	ini	1	ls	sc	lsc	line_right	middle	158564	553042	11.973919882870874	13.223191035166852	0.0015309026522151788	0.005339506222007435	0.0508410721116372	0.11141760377268022	6.481897748772857	5.232622098074313	10361	9.245900547374733	0.00011716128154472236	0.06534270073913373	9.051959097649387
s_434-Gesellschaft-6-mid-der-4_aux.csv	s_434.png	mid	Gesellschaft	6	der	l	c	0.0103092783505154	False	False	ini	ini	1	ls	sc	lsc	line_right	middle	158564	553042	11.973919882870874	13.223191035166852	0.0015309026522151788	0.005339506222007435	0.0508410721116372	0.11141760377268022	6.481897748772857	5.232622098074313	10361	9.245900547374733	0.00011716128154472236	0.06534270073913373	9.051959097649387
s_434-Gesellschaft-6-mid-der-5_aux.csv	s_434.png	mid	Gesellschaft	6	der	l	c	0.0103092783505154	False	False	ini	ini	1	ls	sc	lsc	line_right	middle	158564	553042	11.973919882870874	13.223191035166852	0.0015309026522151788	0.005339506222007435	0.0508410721116372	0.11141760377268022	6.481897748772857	5.232622098074313	10361	9.245900547374733	0.00011716128154472236	0.06534270073913373	9.051959097649387
s_435-ist-1-mid-stem-1.csv	s_435.png	mid	ist	1	stem	i	t	0.045360824742268	True	False	mid	mid	21	is	st	ist	top	top	589101	897911	13.286354622513352	13.707827346936803	0.005687648415293598	0.008669145148666681	0.08546248093200515	0.180896011552705	5.16945840004886	4.747985091820567	218974	12.296712847031289	0.0024761388345694467	0.37170875622346594	6.001054853611638
s_435-ist-1-mid-stem-2_aux.csv	s_435.png	mid	ist	1	stem	i	t	0.045360824742268	True	False	mid	mid	21	is	st	ist	top	top	589101	897911	13.286354622513352	13.707827346936803	0.005687648415293598	0.008669145148666681	0.08546248093200515	0.180896011552705	5.16945840004886	4.747985091820567	218974	12.296712847031289	0.0024761388345694467	0.37170875622346594	6.001054853611638
s_435-ist-1-mid-stem-3_aux.csv	s_435.png	mid	ist	1	stem	i	t	0.045360824742268	True	False	mid	mid	21	is	st	ist	top	top	589101	897911	13.286354622513352	13.707827346936803	0.005687648415293598	0.008669145148666681	0.08546248093200515	0.180896011552705	5.16945840004886	4.747985091820567	218974	12.296712847031289	0.0024761388345694467	0.37170875622346594	6.001054853611638
s_436-Andersdenkende-5-mid-stem-1.csv	s_436.png	mid	Andersdenkende	5	stem	r	d	0.0	False	False	fin	fin	1	rs	sd	rsd	top	middle	275644	11126	12.526869084909004	9.3171298661577	0.0026612858572387225	0.00010741923077461518	0.04275720066942497	0.0022414794167076642	5.928945868014112	9.138771334426627	1168	7.063903961472068	1.3207641814905485e-05	0.004237349624878466	11.234714970512966
s_437-Menschen-3-mid-stem-1.csv	s_437.png	mid	Menschen	3	stem	n	c	0.0206185567010309	False	False	ini	mid	6	ns	sc	nsc	line_right	middle	329428	553042	12.705116131709016	13.223191035166852	0.0031805592625939174	0.005339506222007435	0.0385837703797871	0.11141760377268022	5.75069822891292	5.232622098074313	55383	10.922046022357861	0.0006262661186942726	0.16811867843656278	7.375735167462459
s_437-Menschen-3-mid-stem-2_aux.csv	s_437.png	mid	Menschen	3	stem	n	c	0.0206185567010309	False	False	ini	mid	6	ns	sc	nsc	line_right	middle	329428	553042	12.705116131709016	13.223191035166852	0.0031805592625939174	0.005339506222007435	0.0385837703797871	0.11141760377268022	5.75069822891292	5.232622098074313	55383	10.922046022357861	0.0006262661186942726	0.16811867843656278	7.375735167462459
s_438-Umstände-2-mid-stem-1.csv	s_438.png	mid	Umstände	2	stem	m	t	0.0	False	False	ini	ini	1	ms	st	mst	line_right	top	36375	897911	10.501664495504846	13.707827346936803	0.0003511931079836983	0.008669145148666681	0.01738064691842922	0.180896011552705	7.954174320588073	4.747985091820567	12295	9.417029285218431	0.0001390307843444032	0.3380068728522337	8.880815179250845
s_438-Umstände-2-mid-stem-2_aux.csv	s_438.png	mid	Umstände	2	stem	m	t	0.0	False	False	ini	ini	1	ms	st	mst	line_right	top	36375	897911	10.501664495504846	13.707827346936803	0.0003511931079836983	0.008669145148666681	0.01738064691842922	0.180896011552705	7.954174320588073	4.747985091820567	12295	9.417029285218431	0.0001390307843444032	0.3380068728522337	8.880815179250845
s_439-Wirtschaftsaufschwung-4-mid-der-1.csv	s_439.png	mid	Wirtschaftsaufschwung	4	der	t	c	0.0	False	False	ini	ini	1	ts	sc	tsc	top	middle	227116	553042	12.33322058218325	13.223191035166852	0.002192758045713419	0.005339506222007435	0.04172617724384119	0.11141760377268022	6.122595145905257	5.232622098074313	71481	11.17720094873644	0.000808300894324708	0.3147334401803484	7.12057617479838
s_440-Wirtschaftsaufschwung-10-mid-infix-1.csv	s_440.png	mid	Wirtschaftsaufschwung	10	infix	t	a	0.0	False	True	fin	na	1	ts	sa	tsa	top	middle	227116	148190	12.33322058218325	11.906257261255119	0.002192758045713419	0.00143074382603723	0.04172617724384119	0.029854829656831637	6.122595145905257	6.549560811877642	9378	9.146228426508939	0.00010604560354467777	0.04129167473889995	9.151641334251607
s_441-Wirtschaftsaufschwung-14-mid-stem-1.csv	s_441.png	mid	Wirtschaftsaufschwung	14	stem	f	c	0.0	False	False	ini	ini	1	fs	sc	fsc	line_right	middle	21025	553042	9.953515046135776	13.223191035166852	0.00020299203011291426	0.005339506222007435	0.015833711760927145	0.11141760377268022	8.502343840220718	5.232622098074313	1660	7.415175109613295	1.8771134771184163e-05	0.07895362663495838	10.88319025255055
s_442-Gesellschaft-2-mid-stem-1.csv	s_442.png	mid	Gesellschaft	2	stem	e	e	0.0103092783505154	True	True	ini	mid	4	es	se	ese	line_right	line	789215	594667	13.57879532661997	13.295758545603935	0.00761970773106129	0.005741386995060945	0.05653990658627244	0.11980350892461772	4.877017265522941	5.160054461069925	107367	11.584017465077642	0.0012140966427576687	0.13604277668315984	6.713754982628885
s_443-Gesellschaft-6-mid-der-1.csv	s_443.png	mid	Gesellschaft	6	der	l	c	0.0103092783505154	False	False	ini	ini	1	ls	sc	lsc	line_right	middle	158564	553042	11.973919882870874	13.223191035166852	0.0015309026522151788	0.005339506222007435	0.0508410721116372	0.11141760377268022	6.481897748772857	5.232622098074313	10361	9.245900547374733	0.00011716128154472236	0.06534270073913373	9.051959097649387
s_444-diese-3-mid-stem-1.csv	s_444.png	mid	diese	3	stem	e	e	0.0144329896907216	True	True	ini	fin	7	es	se	ese	line_right	line	789215	594667	13.57879532661997	13.295758545603935	0.00761970773106129	0.005741386995060945	0.05653990658627244	0.11980350892461772	4.877017265522941	5.160054461069925	107367	11.584017465077642	0.0012140966427576687	0.13604277668315984	6.713754982628885
s_445-Menschen-3-mid-stem-1.csv	s_445.png	mid	Menschen	3	stem	n	c	0.0206185567010309	False	False	ini	mid	7	ns	sc	nsc	line_right	middle	329428	553042	12.705116131709016	13.223191035166852	0.0031805592625939174	0.005339506222007435	0.0385837703797871	0.11141760377268022	5.75069822891292	5.232622098074313	55383	10.922046022357861	0.0006262661186942726	0.16811867843656278	7.375735167462459
s_446-anstatt-2-mid-stem-1.csv	s_446.png	mid	anstatt	2	stem	n	t	0.0	False	False	ini	ini	1	ns	st	nst	line_right	top	329428	897911	12.705116131709016	13.707827346936803	0.0031805592625939174	0.008669145148666681	0.0385837703797871	0.180896011552705	5.75069822891292	4.747985091820567	76712	11.247826464518706	0.0008674525846789637	0.23286423740544215	7.049949705067621
s_447-sie-0-ini-stem-1.csv	s_447.png	ini	sie	0	stem	-	i	0.0247422680412371	False	True	ini	ini	12	#s	si	#si	line_right	middle	805056	404512	13.598668361347388	12.910439153406776	0.00777264931246527	0.0039054797662323505	0.053167636198579	0.08149427663232525	4.857144205863322	5.545374643766582	241104	12.392987802237098	0.0027263829384768594	0.2994872406391605	5.904779479243203
s_448-eingeschimpft-5-mid-stem-1.csv	s_448.png	mid	eingeschimpft	5	stem	e	c	0.0	True	False	ini	ini	1	es	sc	esc	line_right	middle	789215	553042	13.57879532661997	13.223191035166852	0.00761970773106129	0.005339506222007435	0.05653990658627244	0.11141760377268022	4.877017265522941	5.232622098074313	59697	10.997053797982007	0.000675048453274326	0.07564098502942798	7.300726087039362
s_449-diesen-3-mid-stem-1.csv	s_449.png	mid	diesen	3	stem	e	e	0.0	True	True	ini	fin	1	es	se	ese	line_right	line	789215	594667	13.57879532661997	13.295758545603935	0.00761970773106129	0.005741386995060945	0.05653990658627244	0.11980350892461772	4.877017265522941	5.160054461069925	107367	11.584017465077642	0.0012140966427576687	0.13604277668315984	6.713754982628885
s_450-Menschen-3-mid-stem-1.csv	s_450.png	mid	Menschen	3	stem	n	c	0.0206185567010309	False	False	ini	mid	8	ns	sc	nsc	line_right	middle	329428	553042	12.705116131709016	13.223191035166852	0.0031805592625939174	0.005339506222007435	0.0385837703797871	0.11141760377268022	5.75069822891292	5.232622098074313	55383	10.922046022357861	0.0006262661186942726	0.16811867843656278	7.375735167462459
s_451-egoistischen-4-mid-der-1.csv	s_451.png	mid	egoistischen	4	der	i	t	0.0041237113402061	True	False	fin	mid	2	is	st	ist	top	top	589101	897911	13.286354622513352	13.707827346936803	0.005687648415293598	0.008669145148666681	0.08546248093200515	0.180896011552705	5.16945840004886	4.747985091820567	218974	12.296712847031289	0.0024761388345694467	0.37170875622346594	6.001054853611638
s_452-egoistischen-7-mid-der-1.csv	s_452.png	mid	egoistischen	7	der	i	c	0.0041237113402061	True	False	mid	mid	1	is	sc	isc	top	middle	589101	553042	13.286354622513352	13.223191035166852	0.005687648415293598	0.005339506222007435	0.08546248093200515	0.11141760377268022	5.16945840004886	5.232622098074313	143030	11.870816668964741	0.0016173707267002836	0.24279368054034878	6.426953456452193
s_452-egoistischen-7-mid-der-2_aux.csv	s_452.png	mid	egoistischen	7	der	i	c	0.0041237113402061	True	False	mid	mid	1	is	sc	isc	top	middle	589101	553042	13.286354622513352	13.223191035166852	0.005687648415293598	0.005339506222007435	0.08546248093200515	0.11141760377268022	5.16945840004886	5.232622098074313	143030	11.870816668964741	0.0016173707267002836	0.24279368054034878	6.426953456452193
s_453-dieser-3-mid-stem-1.csv	s_453.png	mid	dieser	3	stem	e	e	0.0123711340206185	True	True	ini	fin	5	es	se	ese	line_right	line	789215	594667	13.57879532661997	13.295758545603935	0.00761970773106129	0.005741386995060945	0.05653990658627244	0.11980350892461772	4.877017265522941	5.160054461069925	107367	11.584017465077642	0.0012140966427576687	0.13604277668315984	6.713754982628885
s_453-dieser-3-mid-stem-2_aux.csv	s_453.png	mid	dieser	3	stem	e	e	0.0123711340206185	True	True	ini	fin	5	es	se	ese	line_right	line	789215	594667	13.57879532661997	13.295758545603935	0.00761970773106129	0.005741386995060945	0.05653990658627244	0.11980350892461772	4.877017265522941	5.160054461069925	107367	11.584017465077642	0.0012140966427576687	0.13604277668315984	6.713754982628885
s_454-Gesellschaft-2-mid-stem-1.csv	s_454.png	mid	Gesellschaft	2	stem	e	e	0.0103092783505154	True	True	ini	mid	5	es	se	ese	line_right	line	789215	594667	13.57879532661997	13.295758545603935	0.00761970773106129	0.005741386995060945	0.05653990658627244	0.11980350892461772	4.877017265522941	5.160054461069925	107367	11.584017465077642	0.0012140966427576687	0.13604277668315984	6.713754982628885
s_455-Gesellschaft-6-mid-der-1.csv	s_455.png	mid	Gesellschaft	6	der	l	c	0.0103092783505154	False	False	ini	ini	1	ls	sc	lsc	line_right	middle	158564	553042	11.973919882870874	13.223191035166852	0.0015309026522151788	0.005339506222007435	0.0508410721116372	0.11141760377268022	6.481897748772857	5.232622098074313	10361	9.245900547374733	0.00011716128154472236	0.06534270073913373	9.051959097649387
s_455-Gesellschaft-6-mid-der-2_aux.csv	s_455.png	mid	Gesellschaft	6	der	l	c	0.0103092783505154	False	False	ini	ini	1	ls	sc	lsc	line_right	middle	158564	553042	11.973919882870874	13.223191035166852	0.0015309026522151788	0.005339506222007435	0.0508410721116372	0.11141760377268022	6.481897748772857	5.232622098074313	10361	9.245900547374733	0.00011716128154472236	0.06534270073913373	9.051959097649387
s_456-besser-2-mid-stem-1.csv	s_456.png	mid	besser	2	stem	e	s	0.0	True	False	fin	mid	1	es	ss	ess	line_right	middle	789215	370866	13.57879532661997	12.82359878675043	0.00761970773106129	0.003580634589291608	0.05653990658627244	0.07471584624813092	4.877017265522941	5.63221523469949	55206	10.918845035819478	0.0006242646181795138	0.06995052045386872	7.378936211890722
s_457-besser-3-mid-stem-1.csv	s_457.png	mid	besser	3	stem	s	e	0.0	False	True	ini	fin	1	ss	se	sse	line_left	line	370866	594667	12.82359878675043	13.295758545603935	0.003580634589291608	0.005741386995060945	0.07471584624813092	0.11980350892461772	5.63221523469949	5.160054461069925	133233	11.7998622597716	0.001506587107812759	0.35924835385287407	6.49790837974937
s_458-das-2-fin-flex-1.csv	s_458.png	fin	das	2	flex	a	-	0.0288659793814433	True	False	fin	fin	12	as	s#	as#	line_right	middle	442135	1220084	12.999372806039958	14.014431086413596	0.004268722056312645	0.011779658885530791	0.09103041525813346	0.24580201084436043	5.456440780771983	4.441381058263632	237316	12.377152079133063	0.0026835485658785185	0.5367500876429145	5.920615268550091
s_459-sich-0-ini-stem-1.csv	s_459.png	ini	sich	0	stem	-	i	0.0412371134020618	False	True	ini	ini	19	#s	si	#si	line_right	middle	805056	404512	13.598668361347388	12.910439153406776	0.00777264931246527	0.0039054797662323505	0.053167636198579	0.08149427663232525	4.857144205863322	5.545374643766582	241104	12.392987802237098	0.0027263829384768594	0.2994872406391605	5.904779479243203
s_460-Humanisten-6-mid-der-1.csv	s_460.png	mid	Humanisten	6	der	i	t	0.0	True	False	fin	mid	1	is	st	ist	top	top	589101	897911	13.286354622513352	13.707827346936803	0.005687648415293598	0.008669145148666681	0.08546248093200515	0.180896011552705	5.16945840004886	4.747985091820567	218974	12.296712847031289	0.0024761388345694467	0.37170875622346594	6.001054853611638
s_461-Klassik-3-mid-stem-1.csv	s_461.png	mid	Klassik	3	stem	a	s	0.0103092783505154	True	False	fin	mid	4	as	ss	ass	line_right	middle	442135	370866	12.999372806039958	12.82359878675043	0.004268722056312645	0.003580634589291608	0.09103041525813346	0.07471584624813092	5.456440780771983	5.63221523469949	130273	11.777395203678102	0.0014731156867749846	0.2946453006434686	6.520375606381273
s_461-Klassik-3-mid-stem-2_aux.csv	s_461.png	mid	Klassik	3	stem	a	s	0.0103092783505154	True	False	fin	mid	4	as	ss	ass	line_right	middle	442135	370866	12.999372806039958	12.82359878675043	0.004268722056312645	0.003580634589291608	0.09103041525813346	0.07471584624813092	5.456440780771983	5.63221523469949	130273	11.777395203678102	0.0014731156867749846	0.2946453006434686	6.520375606381273
s_462-Klassik-4-mid-stem-1.csv	s_462.png	mid	Klassik	4	stem	s	i	0.0103092783505154	False	True	ini	mid	1	ss	si	ssi	line_left	middle	370866	404512	12.82359878675043	12.910439153406776	0.003580634589291608	0.0039054797662323505	0.07471584624813092	0.08149427663232525	5.63221523469949	5.545374643766582	38348	10.55448373083613	0.0004336358290393797	0.10340122847605335	7.743305479704251
s_462-Klassik-4-mid-stem-2_aux.csv	s_462.png	mid	Klassik	4	stem	s	i	0.0103092783505154	False	True	ini	mid	1	ss	si	ssi	line_left	middle	370866	404512	12.82359878675043	12.910439153406776	0.003580634589291608	0.0039054797662323505	0.07471584624813092	0.08149427663232525	5.63221523469949	5.545374643766582	38348	10.55448373083613	0.0004336358290393797	0.10340122847605335	7.743305479704251
s_462-Klassik-4-mid-stem-3_aux.csv	s_462.png	mid	Klassik	4	stem	s	i	0.0103092783505154	False	True	ini	mid	1	ss	si	ssi	line_left	middle	370866	404512	12.82359878675043	12.910439153406776	0.003580634589291608	0.0039054797662323505	0.07471584624813092	0.08149427663232525	5.63221523469949	5.545374643766582	38348	10.55448373083613	0.0004336358290393797	0.10340122847605335	7.743305479704251
s_462-Klassik-4-mid-stem-4_aux.csv	s_462.png	mid	Klassik	4	stem	s	i	0.0103092783505154	False	True	ini	mid	1	ss	si	ssi	line_left	middle	370866	404512	12.82359878675043	12.910439153406776	0.003580634589291608	0.0039054797662323505	0.07471584624813092	0.08149427663232525	5.63221523469949	5.545374643766582	38348	10.55448373083613	0.0004336358290393797	0.10340122847605335	7.743305479704251
s_462-Klassik-4-mid-stem-5_aux.csv	s_462.png	mid	Klassik	4	stem	s	i	0.0103092783505154	False	True	ini	mid	1	ss	si	ssi	line_left	middle	370866	404512	12.82359878675043	12.910439153406776	0.003580634589291608	0.0039054797662323505	0.07471584624813092	0.08149427663232525	5.63221523469949	5.545374643766582	38348	10.55448373083613	0.0004336358290393797	0.10340122847605335	7.743305479704251
s_462-Klassik-4-mid-stem-6_aux.csv	s_462.png	mid	Klassik	4	stem	s	i	0.0103092783505154	False	True	ini	mid	1	ss	si	ssi	line_left	middle	370866	404512	12.82359878675043	12.910439153406776	0.003580634589291608	0.0039054797662323505	0.07471584624813092	0.08149427663232525	5.63221523469949	5.545374643766582	38348	10.55448373083613	0.0004336358290393797	0.10340122847605335	7.743305479704251
s_463-eingesetzt-5-mid-stem-1.csv	s_463.png	mid	eingesetzt	5	stem	e	e	0.0	True	True	ini	ini	1	es	se	ese	line_right	line	789215	594667	13.57879532661997	13.295758545603935	0.00761970773106129	0.005741386995060945	0.05653990658627244	0.11980350892461772	4.877017265522941	5.160054461069925	107367	11.584017465077642	0.0012140966427576687	0.13604277668315984	6.713754982628885
s_464-ist-1-mid-stem-1.csv	s_464.png	mid	ist	1	stem	i	t	0.045360824742268	True	False	mid	mid	22	is	st	ist	top	top	589101	897911	13.286354622513352	13.707827346936803	0.005687648415293598	0.008669145148666681	0.08546248093200515	0.180896011552705	5.16945840004886	4.747985091820567	218974	12.296712847031289	0.0024761388345694467	0.37170875622346594	6.001054853611638
s_465-es-1-fin-stem-1.csv	s_465.png	fin	es	1	stem	e	-	0.0144329896907216	True	False	fin	fin	7	es	s#	es#	line_right	middle	789215	1220084	13.57879532661997	14.014431086413596	0.00761970773106129	0.011779658885530791	0.05653990658627244	0.24580201084436043	4.877017265522941	4.441381058263632	316197	12.664123878626816	0.003575528012797662	0.4006474788238946	5.633642417854672
s_466-Theaterstücke-7-mid-stem-1.csv	s_466.png	mid	Theaterstücke	7	stem	r	t	0.0	False	False	ini	ini	1	rs	st	rst	top	top	275644	897911	12.526869084909004	13.707827346936803	0.0026612858572387225	0.008669145148666681	0.04275720066942497	0.180896011552705	5.928945868014112	4.747985091820567	94939	11.461000392105309	0.0010735619060490682	0.34442614386672665	6.836773274819492
s_466-Theaterstücke-7-mid-stem-2_aux.csv	s_466.png	mid	Theaterstücke	7	stem	r	t	0.0	False	False	ini	ini	1	rs	st	rst	top	top	275644	897911	12.526869084909004	13.707827346936803	0.0026612858572387225	0.008669145148666681	0.04275720066942497	0.180896011552705	5.928945868014112	4.747985091820567	94939	11.461000392105309	0.0010735619060490682	0.34442614386672665	6.836773274819492
s_467-Klassik-3-mid-stem-1.csv	s_467.png	mid	Klassik	3	stem	a	s	0.0103092783505154	True	False	fin	mid	5	as	ss	ass	line_right	middle	442135	370866	12.999372806039958	12.82359878675043	0.004268722056312645	0.003580634589291608	0.09103041525813346	0.07471584624813092	5.456440780771983	5.63221523469949	130273	11.777395203678102	0.0014731156867749846	0.2946453006434686	6.520375606381273
s_467-Klassik-3-mid-stem-2_aux.csv	s_467.png	mid	Klassik	3	stem	a	s	0.0103092783505154	True	False	fin	mid	5	as	ss	ass	line_right	middle	442135	370866	12.999372806039958	12.82359878675043	0.004268722056312645	0.003580634589291608	0.09103041525813346	0.07471584624813092	5.456440780771983	5.63221523469949	130273	11.777395203678102	0.0014731156867749846	0.2946453006434686	6.520375606381273
s_468-Klassik-4-mid-stem-1.csv	s_468.png	mid	Klassik	4	stem	s	i	0.0103092783505154	False	True	ini	mid	1	ss	si	ssi	line_left	middle	370866	404512	12.82359878675043	12.910439153406776	0.003580634589291608	0.0039054797662323505	0.07471584624813092	0.08149427663232525	5.63221523469949	5.545374643766582	38348	10.55448373083613	0.0004336358290393797	0.10340122847605335	7.743305479704251
s_468-Klassik-4-mid-stem-2_aux.csv	s_468.png	mid	Klassik	4	stem	s	i	0.0103092783505154	False	True	ini	mid	1	ss	si	ssi	line_left	middle	370866	404512	12.82359878675043	12.910439153406776	0.003580634589291608	0.0039054797662323505	0.07471584624813092	0.08149427663232525	5.63221523469949	5.545374643766582	38348	10.55448373083613	0.0004336358290393797	0.10340122847605335	7.743305479704251
s_469-Klassikern-3-mid-stem-1.csv	s_469.png	mid	Klassikern	3	stem	a	s	0.0	True	False	fin	mid	1	as	ss	ass	line_right	middle	442135	370866	12.999372806039958	12.82359878675043	0.004268722056312645	0.003580634589291608	0.09103041525813346	0.07471584624813092	5.456440780771983	5.63221523469949	130273	11.777395203678102	0.0014731156867749846	0.2946453006434686	6.520375606381273
s_469-Klassikern-3-mid-stem-2_aux.csv	s_469.png	mid	Klassikern	3	stem	a	s	0.0	True	False	fin	mid	1	as	ss	ass	line_right	middle	442135	370866	12.999372806039958	12.82359878675043	0.004268722056312645	0.003580634589291608	0.09103041525813346	0.07471584624813092	5.456440780771983	5.63221523469949	130273	11.777395203678102	0.0014731156867749846	0.2946453006434686	6.520375606381273
s_470-Klassikern-4-mid-stem-1.csv	s_470.png	mid	Klassikern	4	stem	s	i	0.0	False	True	ini	mid	1	ss	si	ssi	line_left	middle	370866	404512	12.82359878675043	12.910439153406776	0.003580634589291608	0.0039054797662323505	0.07471584624813092	0.08149427663232525	5.63221523469949	5.545374643766582	38348	10.55448373083613	0.0004336358290393797	0.10340122847605335	7.743305479704251
s_470-Klassikern-4-mid-stem-2_aux.csv	s_470.png	mid	Klassikern	4	stem	s	i	0.0	False	True	ini	mid	1	ss	si	ssi	line_left	middle	370866	404512	12.82359878675043	12.910439153406776	0.003580634589291608	0.0039054797662323505	0.07471584624813092	0.08149427663232525	5.63221523469949	5.545374643766582	38348	10.55448373083613	0.0004336358290393797	0.10340122847605335	7.743305479704251
s_471-sich-0-ini-stem-1.csv	s_471.png	ini	sich	0	stem	-	i	0.0412371134020618	False	True	ini	ini	20	#s	si	#si	line_right	middle	805056	404512	13.598668361347388	12.910439153406776	0.00777264931246527	0.0039054797662323505	0.053167636198579	0.08149427663232525	4.857144205863322	5.545374643766582	241104	12.392987802237098	0.0027263829384768594	0.2994872406391605	5.904779479243203
s_472-Menschen-3-mid-stem-1.csv	s_472.png	mid	Menschen	3	stem	n	c	0.0206185567010309	False	False	ini	mid	9	ns	sc	nsc	line_right	middle	329428	553042	12.705116131709016	13.223191035166852	0.0031805592625939174	0.005339506222007435	0.0385837703797871	0.11141760377268022	5.75069822891292	5.232622098074313	55383	10.922046022357861	0.0006262661186942726	0.16811867843656278	7.375735167462459
s_472-Menschen-3-mid-stem-2_aux.csv	s_472.png	mid	Menschen	3	stem	n	c	0.0206185567010309	False	False	ini	mid	9	ns	sc	nsc	line_right	middle	329428	553042	12.705116131709016	13.223191035166852	0.0031805592625939174	0.005339506222007435	0.0385837703797871	0.11141760377268022	5.75069822891292	5.232622098074313	55383	10.922046022357861	0.0006262661186942726	0.16811867843656278	7.375735167462459
s_473-festgesetzt-2-mid-stem-1.csv	s_473.png	mid	festgesetzt	2	stem	e	t	0.0	True	False	mid	mid	1	es	st	est	line_right	top	789215	897911	13.57879532661997	13.707827346936803	0.00761970773106129	0.008669145148666681	0.05653990658627244	0.180896011552705	4.877017265522941	4.747985091820567	118090	11.67921079267701	0.0013353513886320107	0.14962969533016984	6.618560809305811
s_474-festgesetzt-6-mid-stem-1.csv	s_474.png	mid	festgesetzt	6	stem	e	e	0.0	True	True	ini	ini	1	es	se	ese	line_right	line	789215	594667	13.57879532661997	13.295758545603935	0.00761970773106129	0.005741386995060945	0.05653990658627244	0.11980350892461772	4.877017265522941	5.160054461069925	107367	11.584017465077642	0.0012140966427576687	0.13604277668315984	6.713754982628885
s_475-sogar-0-ini-stem-1.csv	s_475.png	ini	sogar	0	stem	-	o	0.0123711340206185	False	True	ini	ini	6	#s	so	#so	line_right	middle	805056	201358	13.598668361347388	12.212844663567227	0.00777264931246527	0.0019440698786909007	0.053167636198579	0.04056622437438629	4.857144205863322	6.242971627761273	126005	11.744084803847484	0.0014248535161705185	0.1565170621671039	6.553686266215172
s_476-das-2-fin-flex-1.csv	s_476.png	fin	das	2	flex	a	-	0.0288659793814433	True	False	fin	fin	13	as	s#	as#	line_right	middle	442135	1220084	12.999372806039958	14.014431086413596	0.004268722056312645	0.011779658885530791	0.09103041525813346	0.24580201084436043	5.456440780771983	4.441381058263632	237316	12.377152079133063	0.0026835485658785185	0.5367500876429145	5.920615268550091
s_477-dieser-3-mid-stem-1.csv	s_477.png	mid	dieser	3	stem	e	e	0.0123711340206185	True	True	ini	fin	6	es	se	ese	line_right	line	789215	594667	13.57879532661997	13.295758545603935	0.00761970773106129	0.005741386995060945	0.05653990658627244	0.11980350892461772	4.877017265522941	5.160054461069925	107367	11.584017465077642	0.0012140966427576687	0.13604277668315984	6.713754982628885
s_477-dieser-3-mid-stem-2_aux.csv	s_477.png	mid	dieser	3	stem	e	e	0.0123711340206185	True	True	ini	fin	6	es	se	ese	line_right	line	789215	594667	13.57879532661997	13.295758545603935	0.00761970773106129	0.005741386995060945	0.05653990658627244	0.11980350892461772	4.877017265522941	5.160054461069925	107367	11.584017465077642	0.0012140966427576687	0.13604277668315984	6.713754982628885
s_477-dieser-3-mid-stem-3_aux.csv	s_477.png	mid	dieser	3	stem	e	e	0.0123711340206185	True	True	ini	fin	6	es	se	ese	line_right	line	789215	594667	13.57879532661997	13.295758545603935	0.00761970773106129	0.005741386995060945	0.05653990658627244	0.11980350892461772	4.877017265522941	5.160054461069925	107367	11.584017465077642	0.0012140966427576687	0.13604277668315984	6.713754982628885
s_478-siehe-0-ini-stem-1.csv	s_478.png	ini	siehe	0	stem	-	i	0.0	False	True	ini	ini	1	#s	si	#si	line_right	middle	805056	404512	13.598668361347388	12.910439153406776	0.00777264931246527	0.0039054797662323505	0.053167636198579	0.08149427663232525	4.857144205863322	5.545374643766582	241104	12.392987802237098	0.0027263829384768594	0.2994872406391605	5.904779479243203
s_479-das-2-fin-flex-1.csv	s_479.png	fin	das	2	flex	a	-	0.0288659793814433	True	False	fin	fin	14	as	s#	as#	line_right	middle	442135	1220084	12.999372806039958	14.014431086413596	0.004268722056312645	0.011779658885530791	0.09103041525813346	0.24580201084436043	5.456440780771983	4.441381058263632	237316	12.377152079133063	0.0026835485658785185	0.5367500876429145	5.920615268550091
s_479-das-2-fin-flex-2_aux.csv	s_479.png	fin	das	2	flex	a	-	0.0288659793814433	True	False	fin	fin	14	as	s#	as#	line_right	middle	442135	1220084	12.999372806039958	14.014431086413596	0.004268722056312645	0.011779658885530791	0.09103041525813346	0.24580201084436043	5.456440780771983	4.441381058263632	237316	12.377152079133063	0.0026835485658785185	0.5367500876429145	5.920615268550091
s_479-das-2-fin-flex-3_aux.csv	s_479.png	fin	das	2	flex	a	-	0.0288659793814433	True	False	fin	fin	14	as	s#	as#	line_right	middle	442135	1220084	12.999372806039958	14.014431086413596	0.004268722056312645	0.011779658885530791	0.09103041525813346	0.24580201084436043	5.456440780771983	4.441381058263632	237316	12.377152079133063	0.0026835485658785185	0.5367500876429145	5.920615268550091
s_479-das-2-fin-flex-4_aux.csv	s_479.png	fin	das	2	flex	a	-	0.0288659793814433	True	False	fin	fin	14	as	s#	as#	line_right	middle	442135	1220084	12.999372806039958	14.014431086413596	0.004268722056312645	0.011779658885530791	0.09103041525813346	0.24580201084436043	5.456440780771983	4.441381058263632	237316	12.377152079133063	0.0026835485658785185	0.5367500876429145	5.920615268550091
s_479-das-2-fin-flex-5_aux.csv	s_479.png	fin	das	2	flex	a	-	0.0288659793814433	True	False	fin	fin	14	as	s#	as#	line_right	middle	442135	1220084	12.999372806039958	14.014431086413596	0.004268722056312645	0.011779658885530791	0.09103041525813346	0.24580201084436043	5.456440780771983	4.441381058263632	237316	12.377152079133063	0.0026835485658785185	0.5367500876429145	5.920615268550091
s_479-das-2-fin-flex-6_aux.csv	s_479.png	fin	das	2	flex	a	-	0.0288659793814433	True	False	fin	fin	14	as	s#	as#	line_right	middle	442135	1220084	12.999372806039958	14.014431086413596	0.004268722056312645	0.011779658885530791	0.09103041525813346	0.24580201084436043	5.456440780771983	4.441381058263632	237316	12.377152079133063	0.0026835485658785185	0.5367500876429145	5.920615268550091
s_479-das-2-fin-flex-7_aux.csv	s_479.png	fin	das	2	flex	a	-	0.0288659793814433	True	False	fin	fin	14	as	s#	as#	line_right	middle	442135	1220084	12.999372806039958	14.014431086413596	0.004268722056312645	0.011779658885530791	0.09103041525813346	0.24580201084436043	5.456440780771983	4.441381058263632	237316	12.377152079133063	0.0026835485658785185	0.5367500876429145	5.920615268550091
s_479-das-2-fin-flex-8_aux.csv	s_479.png	fin	das	2	flex	a	-	0.0288659793814433	True	False	fin	fin	14	as	s#	as#	line_right	middle	442135	1220084	12.999372806039958	14.014431086413596	0.004268722056312645	0.011779658885530791	0.09103041525813346	0.24580201084436043	5.456440780771983	4.441381058263632	237316	12.377152079133063	0.0026835485658785185	0.5367500876429145	5.920615268550091
s_479-das-2-fin-flex-9_aux.csv	s_479.png	fin	das	2	flex	a	-	0.0288659793814433	True	False	fin	fin	14	as	s#	as#	line_right	middle	442135	1220084	12.999372806039958	14.014431086413596	0.004268722056312645	0.011779658885530791	0.09103041525813346	0.24580201084436043	5.456440780771983	4.441381058263632	237316	12.377152079133063	0.0026835485658785185	0.5367500876429145	5.920615268550091
s_480-seiner-0-ini-stem-1.csv	s_480.png	ini	seiner	0	stem	-	e	0.0061855670103092	False	True	ini	ini	3	#s	se	#se	line_right	line	805056	594667	13.598668361347388	13.295758545603935	0.00777264931246527	0.005741386995060945	0.053167636198579	0.11980350892461772	4.857144205863322	5.160054461069925	175181	12.073580712480313	0.0019809314218980803	0.217601011606646	6.224188129786149
s_480-seiner-0-ini-stem-2_aux.csv	s_480.png	ini	seiner	0	stem	-	e	0.0061855670103092	False	True	ini	ini	3	#s	se	#se	line_right	line	805056	594667	13.598668361347388	13.295758545603935	0.00777264931246527	0.005741386995060945	0.053167636198579	0.11980350892461772	4.857144205863322	5.160054461069925	175181	12.073580712480313	0.0019809314218980803	0.217601011606646	6.224188129786149
s_481-Ausländer-2-mid-stem-1.csv	s_481.png	mid	Ausländer	2	stem	u	l	0.0	True	False	fin	fin	1	us	sl	usl	line_right	line	355289	38439	12.78068963638365	10.556853863084228	0.003430241873331139	0.0003711206014511444	0.11054222124872086	0.0077440434386864924	5.675124503284333	7.8989834768841805	5653	8.640118538253535	6.392362943464101e-05	0.015910990770893554	9.657821477225847
s_481-Ausländer-2-mid-stem-2_aux.csv	s_481.png	mid	Ausländer	2	stem	u	l	0.0	True	False	fin	fin	1	us	sl	usl	line_right	line	355289	38439	12.78068963638365	10.556853863084228	0.003430241873331139	0.0003711206014511444	0.11054222124872086	0.0077440434386864924	5.675124503284333	7.8989834768841805	5653	8.640118538253535	6.392362943464101e-05	0.015910990770893554	9.657821477225847
s_482-Asylantenheime-1-mid-stem-1.csv	s_482.png	mid	Asylantenheime	1	stem	A	y	0.0	True	True	ini	mid	1	As	sy	Asy	line_right	middle	6480	9935	8.776630098427717	9.20391980417326	6.25630608861681e-05	9.59203718987778e-05	0.014913831197525408	0.0020015367611891646	9.679335535715547	9.25199217007595	1218	7.105786129481271	1.3773037440543562e-05	0.18796296296296297	11.192797685631296
s_483-stetige-0-ini-stem-1.csv	s_483.png	ini	stetige	0	stem	-	t	0.0	False	False	ini	ini	1	#s	st	#st	line_right	top	805056	897911	13.598668361347388	13.707827346936803	0.00777264931246527	0.008669145148666681	0.053167636198579	0.180896011552705	4.857144205863322	4.747985091820567	90506	11.413182474763108	0.0010234339298799964	0.11242199300421338	6.884591708068217
s_484-Klassiker-3-mid-stem-1.csv	s_484.png	mid	Klassiker	3	stem	a	s	0.0	True	False	fin	mid	1	as	ss	ass	line_right	middle	442135	370866	12.999372806039958	12.82359878675043	0.004268722056312645	0.003580634589291608	0.09103041525813346	0.07471584624813092	5.456440780771983	5.63221523469949	130273	11.777395203678102	0.0014731156867749846	0.2946453006434686	6.520375606381273
s_485-Klassiker-4-mid-stem-1.csv	s_485.png	mid	Klassiker	4	stem	s	i	0.0	False	True	ini	mid	1	ss	si	ssi	line_left	middle	370866	404512	12.82359878675043	12.910439153406776	0.003580634589291608	0.0039054797662323505	0.07471584624813092	0.08149427663232525	5.63221523469949	5.545374643766582	38348	10.55448373083613	0.0004336358290393797	0.10340122847605335	7.743305479704251
s_485-Klassiker-4-mid-stem-2_aux.csv	s_485.png	mid	Klassiker	4	stem	s	i	0.0	False	True	ini	mid	1	ss	si	ssi	line_left	middle	370866	404512	12.82359878675043	12.910439153406776	0.003580634589291608	0.0039054797662323505	0.07471584624813092	0.08149427663232525	5.63221523469949	5.545374643766582	38348	10.55448373083613	0.0004336358290393797	0.10340122847605335	7.743305479704251
s_486-Menschen-3-mid-stem-1.csv	s_486.png	mid	Menschen	3	stem	n	c	0.0206185567010309	False	False	ini	mid	10	ns	sc	nsc	line_right	middle	329428	553042	12.705116131709016	13.223191035166852	0.0031805592625939174	0.005339506222007435	0.0385837703797871	0.11141760377268022	5.75069822891292	5.232622098074313	55383	10.922046022357861	0.0006262661186942726	0.16811867843656278	7.375735167462459
s_486-Menschen-3-mid-stem-2_aux.csv	s_486.png	mid	Menschen	3	stem	n	c	0.0206185567010309	False	False	ini	mid	10	ns	sc	nsc	line_right	middle	329428	553042	12.705116131709016	13.223191035166852	0.0031805592625939174	0.005339506222007435	0.0385837703797871	0.11141760377268022	5.75069822891292	5.232622098074313	55383	10.922046022357861	0.0006262661186942726	0.16811867843656278	7.375735167462459
